dbreadtime,dbwritetime,tps,committime,consensus_clique_cost,delay,contracttime,queuetime,peer_message_sent,peer_message_recieved,peer_message_tps
,,,,,,,,30.12306374,18.93099859,49.05406233
183.4568571,,,,,,198.89595,,152.1090754,11609.0621,11761.17118
308.7837143,,,,,,225.34254,,378.8429523,8929.481132,9308.324084
,,,,,,,,30.05089922,14.93043773,44.98133695
,,,,,,,,35.44482867,13.09860631,48.54343498
371.3402308,,,,,,235.181951,,11064.41176,5997.892157,17062.30392
,,,,,,,,36.71185176,12.38651909,49.09837085
23.88866667,,,,,,,,297.3548153,11949.28706,12246.64188
198.0258571,,,,,,234.0305938,,292.3686965,19146.36124,19438.72993
405.8333333,,,,,,281.510051,,4093.276166,7770.697134,11863.9733
308.1447273,,,,,,235.756844,,6661.168882,7121.738468,13782.90735
437.0501818,,,,,,250.634804,,6070.743926,9747.304574,15818.0485
301.0126,,,,,,252.908811,,2683.110399,9986.41587,12669.52627
236.5954167,,,,,,262.794991,,241.1201292,5289.217611,5530.337741
294.017,,,,,,248.040026,,369.4656123,10249.3211,10618.78671
418.2390909,,,,,,211.670851,,70.08411652,7545.991485,7616.075601
271.6323846,,,,,,217.536934,,301.9933968,10152.164,10454.1574
262.4022727,,,,,,271.681544,,12825.47256,9834.686965,22660.15952
284.5359167,,,,,,240.633093,,315.6472347,10160.04783,10475.69507
234.4222143,,,,,,277.535561,,827.3407351,9006.706548,9834.047283
279.8875455,,,,,,249.213243,,1397.003652,7413.56307,8810.566722
307.001,,,,,,254.333005,,277.447168,8273.521263,8550.968431
277.6844545,,,,,,294.09925,,1439.44234,6383.4507,7822.89304
238.795,,,,,,284.316967,,7052.287582,8480.379539,15532.66712
260.8335,,,,,,241.707844,,5312.459766,7930.174905,13242.63467
291.9492727,,,,,,255.344763,,8369.800236,7535.705145,15905.50538
396.4935,,,,,,278.512662,,7923.784511,7980.019004,15903.80352
327.0286,,,,,,243.480101,,4081.007987,7685.02932,11766.03731
506.0578333,,,,,,262.632663,,10306.27933,9758.982036,20065.26137
310.2220833,,,,,,287.197915,,4870.896765,6119.14843,10990.0452
365.465,,,,,,248.607284,,6432.099709,7654.30494,14086.40465
309.1533636,,,,,,273.296378,,3836.311662,7585.531042,11421.8427
,,,,,,,,33.52317582,8.528814706,42.05199053
234.9557857,,,,,,250.525959,,386.6658548,7661.751096,8048.416951
,,,,,,,,48.29673867,19.40909776,67.70583643
469.1357273,,,,,,237.0116025,,16145.55562,7091.477967,23237.03359
,,,,,,,,55.10626293,10.53225503,65.63851796
358.5813636,,,,,,254.001537,,5290.974711,4341.725682,9632.700393
292.0370833,,,,,,235.695265,,2934.01345,5820.386656,8754.400106
,,,,,,,,264.6128071,2190.697798,2455.310605
,,,,,,,,223.6134402,4027.662878,4251.276318
38.72383333,,,,,,,,76.65189064,1295.332163,1371.984054
373.2815833,,,,,,220.176381,,199.9467519,10901.09159,11101.03834
351.01075,,,,,,252.08593,,5614.655966,5105.536353,10720.19232
435.3461,,,,,,235.344148,,11453.66172,8078.892959,19532.55468
57.22866667,,,,,,,,91.440795,1320.435407,1411.876202
374.6386154,,,,,,215.818753,,10647.11826,7056.806837,17703.9251
340.9373636,,,,,,261.785883,,8784.233679,9872.262303,18656.49598
364.0154167,,,,,,267.476983,,8181.958692,5589.864588,13771.82328
,,,,,,,,35.89025336,12.13015532,48.02040867
94.60057143,,,,,,261.7480201,,179.5808392,12766.48935,12946.07019
260.1148333,,,,,,223.138761,,320.2247915,10184.55074,10504.77553
305.3315385,,,,,,269.525341,,1944.489255,9857.289653,11801.77891
322.1145,,,,,,278.526863,,8667.249752,6965.785514,15633.03527
299.5377692,,,,,,261.888467,,273.6273292,6624.645963,6898.273292
312.618,,,,,,260.777967,,1219.684402,7053.413032,8273.097435
,,,,,,,,39.63872281,20.56990205,60.20862486
366.1628333,,,,,,258.464806,,436.381645,8116.550025,8552.93167
370.1336,,,,,,298.846816,,4155.904207,8224.060512,12379.96472
252.6732308,,,,,,280.061953,,3762.929952,10852.19167,14615.12163
349.7260833,,,,,,253.943475,,2607.17419,8099.988879,10707.16307
334.1745455,,,,,,256.529905,,2745.22186,8537.826069,11283.04793
197.4925,,,,,,245.6820767,,225.5304907,12850.20416,13075.73465
312.30875,,,,,,232.472505,,2230.663287,6869.263799,9099.927086
19.74166667,,,,,,,,37.14043123,1091.210827,1128.351258
460.3525833,,,,,,258.749542,,6145.875036,11347.7862,17493.66123
284.904,,,,,,231.321285,,16333.78,6965.133119,23298.91312
318.9576364,,,,,,218.87139,,111.2744397,5714.737294,5826.011734
30.84966667,,,,,,,,399.6234294,6079.357416,6478.980846
18.373,,,,,,,,65.67686045,134.6806179,200.3574783
378.4730909,,,,,,233.630279,,85.21619733,7333.190305,7418.406502
574.3802727,,,,,,280.951152,,8926.189476,10657.75484,19583.94432
280.4616364,,,,,,246.172434,,117.9436643,8951.088117,9069.031781
363.40575,,,,,,252.943365,,2339.414088,9440.292465,11779.70655
442.9493077,,,,,,267.261918,,3642.544003,15694.39246,19336.93647
303.9605455,,,,,,252.203637,,3333.199117,9525.690301,12858.88942
320.71675,,,,,,227.721561,,5749.747595,10154.02207,15903.76966
273.285,,,,,,250.12348,,19089.54288,7024.412013,26113.95489
390.9156667,,,,,,283.223374,,11303.55056,7478.425506,18781.97606
347.0683333,,,,,,286.835977,,8378.971577,8124.740644,16503.71222
254.5770833,,,,,,237.843414,,7708.30653,7672.926105,15381.23263
256.8885625,,,,,,265.263385,,2741.837039,8094.069261,10835.9063
355.5128182,,,,,,269.70123,,3923.324365,8916.855007,12840.17937
436.8086364,,,,,,232.077461,,13398.41527,6825.49973,20223.915
273.71475,,,,,,240.993005,,6153.357613,9151.798607,15305.15622
,,,,,,,,24.82842148,2.018570852,26.84699233
99.02266667,,,,,,225.3673,,419.893019,15818.9808,16238.87382
,,,,,,,,128.3795462,1620.145182,1748.524728
,,,,,,,,33.05926478,12.62018497,45.67944975
347.6022727,,,,,,249.150016,,9963.143603,7039.281854,17002.42546
257.372125,,,,,,191.4601733,,163.471677,12183.64521,12347.11689
,,,,,,,,26.98449036,13.12024266,40.10473302
,,,,,,,,37.33740263,12.57706839,49.91447101
,,,,,,,,34.93965968,13.78618358,48.72584325
328.6018182,,,,,,262.714058,,2409.819602,7493.94278,9903.762381
,,,,,,,,47.58154764,14.76906923,62.35061687
319.6014545,,,,,,237.577055,,721.2401482,9920.775217,10642.01537
389.9009,,,,,,273.016852,,5722.532768,9268.130783,14990.66355
312.7341,,,,,,267.832187,,7490.392942,8181.724627,15672.11757
352.0546,,,,,,272.493904,,7447.603604,7508.660661,14956.26426
385.9655,,,,,,250.279627,,9413.342146,9185.130542,18598.47269
,,,,,,,,35.3926555,10.11385376,45.50650926
496.194,,,,,,246.541625,,4253.714165,8613.501965,12867.21613
309.91725,,,,,,243.576781,,257.1414596,9600.885345,9858.026805
318.5607273,,,,,,271.515651,,297.3750139,6084.994261,6382.369275
177.6848,,,,,,197.280699,,120.2785479,7768.366755,7888.645303
345.1196667,,,,,,262.790955,,332.0450304,7321.377401,7653.422431
402.9192,,,,,,290.388357,,13438.82336,10672.51569,24111.33905
285.5495455,,,,,,241.090757,,4250.40492,8920.245996,13170.65092
284.5109167,,,,,,245.58,,1376.159096,6284.184514,7660.34361
276.7776364,,,,,,281.851417,,1858.31631,10002.94282,11861.25912
311.606,,,,,,326.690756,,3522.663318,5959.766506,9482.429824
275.7953636,,,,,,219.102578,,2197.648038,8320.666011,10518.31405
335.8401667,,,,,,273.999739,,15494.69597,8464.711931,23959.4079
317.0860833,,,,,,238.27029,,1394.600422,8174.971537,9569.571958
315.3570769,,,,,,201.676542,,3552.397933,10179.47451,13731.87245
288.4320833,,,,,,242.293647,,9676.855487,6219.600459,15896.45595
338.1098,,,,,,240.501188,,7367.723768,9676.287116,17044.01088
367.7468333,,,,,,216.51975,,7263.993295,5652.852814,12916.84611
320.92175,,,,,,296.35044,,8530.013536,9035.19448,17565.20802
261.8335,,,,,,241.007334,,1315.038032,9635.282633,10950.32066
19.589,,,,,,,,186.4329535,8684.510663,8870.943617
,,,,,,,,35.40634993,8.676174927,44.08252486
,,,,,,,,41.07628453,10.34778875,51.42407328
30.04275,,,,,,,,239.1300922,901.8674651,1140.997557
277.7033636,,,,,,242.490268,,5156.011509,6327.213323,11483.22483
112.1701667,,,,,,196.094985,,116.4826286,11390.46593,11506.94856
362.2773333,,,,,,241.052143,,175.9532343,6028.540821,6204.494055
307.231125,,,,,,231.3655957,,333.2660884,10303.65428,10636.92037
279.8153333,,,,,,265.113898,,1319.433147,9306.215048,10625.6482
,,,,,,,,32.30183394,13.05787777,45.35971171
361.0702,,,,,,277.009234,,9552.160756,7533.16787,17085.32863
,,,,,,,,30.50712645,12.90587435,43.41300081
351.3268182,,,,,,242.426432,,2104.422465,7101.280617,9205.703083
238.3476923,,,,,,227.17138,,660.4791185,13161.47292,13821.95204
275.6193636,,,,,,258.747825,,1864.732038,9988.237033,11852.96907
307.5577273,,,,,,279.191789,,8091.620058,7512.881044,15604.5011
334.1562727,,,,,,263.949069,,5920.619334,8523.680082,14444.29942
323.6058182,,,,,,256.302871,,1525.346443,11858.52541,13383.87185
390.5648182,,,,,,229.765699,,301.5764563,6101.146627,6402.723083
314.084,,,,,,209.549382,,254.6500949,9543.170269,9797.820364
339.4953333,,,,,,239.371242,,103.705459,5382.406865,5486.112324
269.1974286,,,,,,226.0089,,193.2144435,5447.962677,5641.17712
386.1408182,,,,,,253.361425,,5301.75162,11414.95406,16716.70568
285.2044545,,,,,,271.858258,,252.2901227,5867.148585,6119.438707
262.509,,,,,,249.208024,,256.8179854,9768.021827,10024.83981
273.67425,,,,,,250.56795,,812.9824392,10369.87408,11182.85652
463.3982727,,,,,,257.103038,,1371.881359,13152.81688,14524.69824
330.3733636,,,,,,236.00846,,346.3611194,7109.969841,7456.33096
333.8333636,,,,,,240.365519,,16811.83563,8431.598642,25243.43427
348.5125833,,,,,,214.419558,,8636.648415,6507.54016,15144.18858
397.8108,,,,,,238.331486,,5671.093817,7951.587759,13622.68158
366.5996364,,,,,,209.740399,,9014.852684,8273.875849,17288.72853
366.5674545,,,,,,234.131324,,4008.213208,7159.283559,11167.49677
496.0409167,,,,,,282.885217,,6622.007078,9883.71503,16505.72211
297.3571667,,,,,,240.520085,,6503.243288,7199.289175,13702.53246
436.5022727,,,,,,258.011488,,5570.907286,9349.546978,14920.45426
295.3210833,,,,,,295.378616,,5554.543262,9388.233876,14942.77714
,,,,,,,,32.06279326,15.01766784,47.0804611
408.1816667,,,,,,244.819963,,123.9284745,7684.095523,7808.023997
283.8073333,,,,,,228.3582143,,221.0728987,12965.84783,13186.92073
295.1083,,,,,,247.86127,,17499.21131,6539.393527,24038.60484
270.9965,,,,,,219.294056,,341.8124786,13138.70509,13480.51757
317.7920833,,,,,,226.757968,,7073.799857,9171.801608,16245.60146
326.1348571,,,,,,217.6556667,,334.1322068,13066.04923,13400.18144
134.8745,,,,,,209.93754,,386.810505,6736.099171,7122.909676
158.12,,,,,,197.78343,,249.8537011,5992.878043,6242.731744
36.676,,,,,,,,70.87561924,440.4069583,511.2825776
279.5783333,,,,,,273.784042,,214.5187818,6478.366405,6692.885187
268.6425,,,,,,232.812006,,12010.03136,5813.151187,17823.18255
333.911,,,,,,245.579547,,9024.73143,8242.45764,17267.18907
279.5846364,,,,,,260.343078,,1877.817843,10607.11584,12484.93368
33.311,,,,,,,,309.5004776,11993.32647,12302.82695
318.2930909,,,,,,204.339501,,7393.875079,9838.807151,17232.68223
403.6479091,,,,,,245.751194,,8467.749699,7433.769555,15901.51925
,,,,,,,,154.8865056,2627.155389,2782.041895
106.9051667,,,,,,191.971365,,376.6084275,13573.08667,13949.6951
,,,,,,,,367.2808701,5535.495841,5902.776711
320.5254545,,,,,,263.708595,,3476.083844,10169.54835,13645.6322
404.4474167,,,,,,304.351797,,9395.294554,8930.628628,18325.92318
181.110875,,,,,,236.12761,,333.5279503,14153.35404,14486.88199
20.647,,,,,,,,248.3795014,11998.00554,12246.38504
,,,,,,,,37.24874134,11.38155985,48.63030119
308.0179167,,,,,,226.8062,,316.1194273,7971.329542,8287.448969
568.4820769,,,,,,259.605618,,818.001702,8960.813255,9778.814957
305.7069167,,,,,,283.688579,,8641.619335,11272.78837,19914.40771
277.6243636,,,,,,236.37278,,1526.021849,7940.014729,9466.036578
,,,,,,,,194.6511476,1548.486236,1743.137383
356.05375,,,,,,248.875493,,7248.385454,8161.360774,15409.74623
332.4393333,,,,,,234.273944,,3419.503433,6800.417186,10219.92062
17.1985,,,,,,,,42.94163331,905.4304319,948.3720652
371.8144167,,,,,,249.238278,,5726.482673,8294.413536,14020.89621
363.8866364,,,,,,270.964933,,11517.17016,7144.466169,18661.63633
348.52625,,,,,,246.104962,,239.8628375,7264.923561,7504.786398
82.65133333,,,,,,,,429.4954404,6255.642697,6685.138137
29.228,,,,,,,,47.77575742,130.4325556,178.2083131
21.12333333,,,,,,,,221.9849558,11362.81101,11584.79597
293.88475,,,,,,254.636497,,14893.67851,10415.25868,25308.93719
,,,,,,,,37.71392607,15.67379148,53.38771756
96.39966667,,,,,,,,544.9392713,6192.688014,6737.627285
303.3815,,,,,,253.140346,,3423.951144,12220.52783,15644.47897
534.7397273,,,,,,259.900418,,6344.274721,9005.292977,15349.5677
414.7995455,,,,,,263.424583,,8099.409669,7982.92525,16082.33492
397.7397273,,,,,,259.525973,,31561.23236,9972.878608,41534.11097
243.3329167,,,,,,219.89941,,6277.347613,6636.008394,12913.35601
406.5308333,,,,,,248.038892,,6269.246644,9404.258419,15673.50506
237.37975,,,,,,247.109099,,3365.059143,7942.213287,11307.27243
399.3164,,,,,,265.558933,,5668.520593,7186.669551,12855.19014
401.9989,,,,,,262.309731,,4713.29455,8252.956464,12966.25101
312.7097692,,,,,,235.233893,,14878.80093,6368.419793,21247.22073
486.94,,,,,,265.27143,,6370.872235,6947.857255,13318.72949
120.0222,,,,,,227.960285,,80.52142976,11732.68386,11813.20529
260.436,,,,,,290.523977,,202.9392782,7356.128651,7559.067929
347.2670909,,,,,,220.575933,,2116.215925,9599.33256,11715.54849
368.9682222,,,,,,250.2110309,,264.2228265,9441.345144,9705.567971
372.1880833,,,,,,253.510354,,10675.88999,7216.169456,17892.05945
271.5937778,,,,,,208.3162129,,238.2950332,8529.453276,8767.74831
,,,,,,,,43.37388615,17.44178161,60.81566777
,,,,,,,,33.44008252,8.971729457,42.41181198
,,,,,,,,32.60715199,15.09642969,47.70358167
418.413,,,,,,252.69855,,6244.446951,5797.959286,12042.40624
,,,,,,,,25.38563006,8.493283441,33.87891351
400.3202727,,,,,,262.472589,,2064.345421,8451.725222,10516.07064
289.0698333,,,,,,292.145319,,5308.843519,8470.009106,13778.85263
270.6901818,,,,,,267.6398,,7100.660288,7588.440666,14689.10095
256.1951818,,,,,,213.981361,,6306.339696,8985.481399,15291.8211
300.4513636,,,,,,192.850871,,6008.602228,12192.48538,18201.08761
517.9976667,,,,,,227.828035,,6911.639418,7190.17872,14101.81814
262.2091818,,,,,,253.622899,,7288.097916,8405.081045,15693.17896
244.0207,,,,,,267.435174,,374.5181305,5651.218288,6025.736419
242.0191818,,,,,,259.578336,,248.2281029,6117.926474,6366.154577
354.2685455,,,,,,291.558902,,249.2835641,6506.574353,6755.857917
19.0915,,,,,,,,385.6435702,5928.407782,6314.051353
270.0609,,,,,,254.954955,,8496.828404,10127.3581,18624.18651
283.70825,,,,,,266.380741,,2309.799854,12041.8721,14351.67196
382.5410769,,,,,,235.532806,,101.4483063,8334.260535,8435.708841
411.37275,,,,,,259.799322,,1184.275153,10616.68926,11800.96442
29.313,,,,,,,,188.0627631,11478.74154,11666.8043
308.9693077,,,,,,282.090748,,3337.442629,6376.981484,9714.424113
337.8636364,,,,,,246.434117,,12696.80831,5895.999502,18592.80781
371.3643333,,,,,,260.275932,,2892.550965,12271.90912,15164.46009
357.9066364,,,,,,238.933129,,13570.90552,8256.565575,21827.47109
471.3369167,,,,,,209.049786,,7574.101164,6304.564304,13878.66547
458.8674545,,,,,,257.644017,,12149.73481,10081.89303,22231.62783
,,,,,,,,138.1510932,322.7865065,460.9375997
361.9576364,,,,,,246.229861,,6792.674515,7011.234904,13803.90942
20.415,,,,,,,,238.4057489,9792.880431,10031.28618
318.5408182,,,,,,252.815477,,99.78765795,7145.939286,7245.726944
,,,,,,,,34.22323006,10.07220267,44.29543273
,,,,,,,,45.73397549,15.5579049,61.29188039
,,,,,,,,203.6083128,3300.324799,3503.933112
361.32625,,,,,,293.368376,,2214.755471,6647.566663,8862.322133
24.98325,,,,,,,,226.604073,9044.691322,9271.295395
250.5985,,,,,,234.774942,,102.8811008,5506.463664,5609.344765
395.057125,,,,,,242.535972,,370.5328345,16276.016,16646.54883
243.6447273,,,,,,231.952786,,1462.119931,7576.781463,9038.901393
,,,,,,,,38.10802437,16.00743571,54.11546008
348.541,,,,,,228.577171,,3320.987504,5963.933988,9284.921493
,,,,,,,,28.2602702,7.885304659,36.14557486
327.35675,,,,,,263.126798,,1255.214475,7287.636147,8542.850622
353.6865333,,,,,,241.905645,,2851.600698,7573.240431,10424.84113
416.4345,,,,,,227.002329,,6098.477395,9454.051262,15552.52866
341.4902727,,,,,,239.906336,,7026.22975,6301.089014,13327.31876
378.0288182,,,,,,263.667559,,8160.847674,7461.327534,15622.17521
296.0295,,,,,,312.418115,,5648.325922,9049.411007,14697.73693
34.9695,,,,,,,,258.097586,3689.765432,3947.863018
,,,,,,,,52.74448255,18.36118821,71.10567076
,,,,,,,,50.19593724,19.37216999,69.56810723
20.56,,,,,,,,213.6188842,4522.427971,4736.046856
268.61575,,,,,,265.259359,,9103.103868,9633.294306,18736.39817
406.5983333,,,,,,232.744193,,226.3958293,6277.436095,6503.831924
314.0235455,,,,,,241.909435,,297.9320099,9554.248159,9852.180169
282.1312727,,,,,,237.190713,,1713.416811,7126.217059,8839.633871
392.5112,,,,,,251.125432,,342.7453416,7539.403727,7882.149068
280.5893636,,,,,,238.95493,,975.3924594,7843.069905,8818.462364
400.2933636,,,,,,240.681653,,24772.64442,8162.285499,32934.92991
334.6679167,,,,,,258.022203,,2705.27252,5069.179243,7774.451764
413.8682727,,,,,,250.814649,,7697.983335,7450.597754,15148.58109
370.735,,,,,,242.926524,,4467.25955,11397.83447,15865.09402
307.5430833,,,,,,281.713906,,4276.571341,6895.983076,11172.55442
311.3427273,,,,,,256.687096,,11936.08863,8436.115165,20372.20379
286.3288333,,,,,,259.460424,,6431.29807,9543.021281,15974.31935
268.1225,,,,,,330.361197,,14888.66972,6517.940589,21406.61031
515.6266923,,,,,,267.829303,,2360.812901,7040.369389,9401.18229
,,,,,,,,21.50882357,6.266120688,27.77494426
326.706,,,,,,252.471071,,114.1280803,7618.052547,7732.180627
26.9595,,,,,,,,210.5772581,11115.37419,11325.95145
301.3762,,,,,,226.955978,,21312.92154,6424.627713,27737.54925
24.10775,,,,,,,,267.814825,11210.40231,11478.21714
360.4603333,,,,,,235.477437,,8154.468273,8323.783849,16478.25212
379.7405,,,,,,247.1508499,,833.0577851,14262.69966,15095.75745
,,,,,,,,392.3395876,5173.30227,5565.641858
427.2801429,,,,,,217.291506,,303.2696092,14784.2501,15087.51971
40.6475,,,,,,,,74.92356875,1130.400793,1205.324362
373.91875,,,,,,272.716807,,136.9343028,7345.926467,7482.86077
374.5123636,,,,,,234.86716,,13764.56148,4536.189839,18300.75132
395.4618333,,,,,,293.779224,,8295.671042,8210.713306,16506.38435
43.67666667,,,,,,,,316.9859785,13572.9077,13889.89368
42.56466667,,,,,,,,508.8240758,13601.64274,14110.46681
380.35,,,,,,251.879626,,3177.442907,12121.94188,15299.38478
407.9935455,,,,,,248.595557,,5535.168575,6033.866545,11569.03512
261.2,,,,,,233.339184,,107.9079922,6492.957376,6600.865368
222.1941429,,,,,,219.8480567,,198.1539437,12783.35908,12981.51303
32.3998,,,,,,,,409.8015022,11993.7947,12403.5962
351.6132,,,,,,234.111066,,2582.150805,11880.94953,14463.10034
351.0359167,,,,,,258.447748,,10181.0517,7438.552375,17619.60407
297.087,,,,,,220.792659,,242.5231893,9500.453507,9742.976696
263.7772727,,,,,,238.226367,,967.162189,11765.42597,12732.58816
,,,,,,,,35.16253142,7.575667338,42.73819875
,,,,,,,,98.1157177,800.3146867,898.4304044
38.363,,,,,,,,200.4618641,12183.98871,12384.45057
290.4296364,,,,,,255.066837,,14802.85988,10934.80873,25737.66862
324.6288333,,,,,,229.010892,,407.9117563,10086.27958,10494.19134
,,,,,,,,77.39573075,19.30732208,96.70305283
110.5974,,,,,,196.640245,,235.7127535,13643.79361,13879.50637
14.6855,,,,,,,,173.393806,13040.25549,13213.64929
,,,,,,,,42.81697684,18.89141786,61.7083947
275.106,,,,,,237.621301,,5956.610265,8575.627794,14532.23806
374.8914545,,,,,,274.249054,,7518.818335,7353.987069,14872.8054
254.6954167,,,,,,238.331273,,293.1224281,10831.40251,11124.52494
343.0466667,,,,,,246.659014,,123.2934927,7938.339973,8061.633466
19.471,,,,,,,,62.1650455,126.3382491,188.5032946
,,,,,,,,32.25025715,9.393719368,41.64397652
481.952,,,,,,262.186927,,20927.46709,9070.471479,29997.93857
129.1,,,,,,298.791275,,214.5833056,11262.58203,11477.16533
350.9121818,,,,,,277.740697,,4213.103922,8780.909716,12994.01364
108.54,,,,,,265.03185,,526.7742909,20345.98853,20872.76282
404.1131667,,,,,,286.976,,3929.513603,11254.04472,15183.55833
362.8702727,,,,,,256.687558,,6114.635618,10052.85956,16167.49517
393.0911,,,,,,237.41015,,29293.13442,10064.92953,39358.06396
296.54825,,,,,,266.077179,,4918.255866,9090.459947,14008.71581
430.2565455,,,,,,269.844614,,7335.80054,9300.188242,16635.98878
302.8399231,,,,,,198.187525,,5111.2749,11669.74768,16781.02258
413.4753333,,,,,,230.528399,,7266.286056,5240.981277,12507.26733
296.6605,,,,,,237.6152,,3307.693214,9180.773447,12488.46666
326.0771818,,,,,,251.970856,,12435.99977,6386.552753,18822.55252
167.8019091,,,,,,227.3487333,,1977.904587,11787.09182,13764.99641
,,,,,,,,47.18662718,14.80722536,61.99385255
190.4171429,,,,,,228.2040467,,354.5726224,13969.46627,14324.03889
,,,,,,,,351.8990858,1609.121673,1961.020759
,,,,,,,,30.16924209,12.30479928,42.47404137
443.0505,,,,,,211.908933,,3416.780975,6619.141394,10035.92237
,,,,,,,,45.16766236,14.58614377,59.75380613
,,,,,,,,24.39718514,11.18958915,35.58677429
,,,,,,,,43.27235332,21.73089413,65.00324746
,,,,,,,,31.12291926,15.49368324,46.61660251
568.4550833,,,,,,279.546656,,2523.11144,5077.30439,7600.41583
,,,,,,,,47.86364698,22.94601396,70.80966093
276.7816364,,,,,,288.782905,,974.2556391,8830.37594,9804.631579
294.9004,,,,,,255.388939,,5885.037745,8808.168213,14693.20596
296.6885833,,,,,,267.156566,,6197.964114,8519.201248,14717.16536
292.0649167,,,,,,287.961173,,7638.177272,8300.716053,15938.89333
407.8675455,,,,,,261.879583,,5488.811653,10589.78925,16078.6009
308.4726667,,,,,,251.902017,,3735.021148,4535.39577,8270.416918
21.317,,,,,,,,307.6179248,4846.806989,5154.424914
148.0844,,,,,,213.335375,,353.0863549,13834.01161,14187.09796
368.3716364,,,,,,263.628791,,255.7079327,9231.882438,9487.59037
259.3006364,,,,,,257.954128,,356.3423806,6942.527024,7298.869404
306.7370833,,,,,,244.200205,,290.248836,7236.950771,7527.199607
256.1355455,,,,,,262.974634,,15959.88546,7478.164897,23438.05035
276.6394545,,,,,,260.12311,,4858.14677,10873.9096,15732.05637
,,,,,,,,154.6252857,3627.607362,3782.232648
323.7921667,,,,,,248.777066,,3792.566903,7355.390789,11147.95769
342.9449,,,,,,266.591275,,2222.392061,6341.449212,8563.841273
20.44,,,,,,,,929.9604724,10555.75346,11485.71394
479.7026,,,,,,299.733147,,7891.979914,7017.618364,14909.59828
290.111,,,,,,260.75512,,1177.693641,8703.856767,9881.550407
355.4625833,,,,,,217.46738,,13024.45693,9892.849673,22917.3066
315.1534545,,,,,,274.080138,,10176.28695,5073.437396,15249.72434
306.9666364,,,,,,241.587251,,6173.202413,8974.539578,15147.74199
265.0605,,,,,,279.58466,,4942.177113,6746.189459,11688.36657
431.3662727,,,,,,240.307853,,6295.032459,8102.656172,14397.68863
280.27925,,,,,,244.422353,,1338.946766,9989.882186,11328.82895
248.3081429,,,,,,250.67309,,228.1179613,12166.98968,12395.10764
,,,,,,,,32.31618061,8.881319671,41.19750028
,,,,,,,,48.20153954,18.9083275,67.10986704
127.0858,,,,,,216.43999,,272.5663956,12416.84003,12689.40642
494.5023636,,,,,,236.080264,,3161.102531,7246.010059,10407.11259
28.145,,,,,,,,128.2942742,2426.789138,2555.083412
332.443,,,,,,202.454518,,162.7929324,11401.70324,11564.49617
290.46,,,,,,234.544935,,342.8609709,7248.180072,7591.041043
266.9516,,,,,,237.492149,,2055.511653,6871.244576,8926.756228
,,,,,,,,20.72800809,9.977398442,30.70540653
319.353,,,,,,251.823192,,9450.883019,7754.566038,17205.44906
,,,,,,,,32.97849611,14.01334724,46.99184335
361.0334545,,,,,,286.395057,,1511.389734,7953.870027,9465.25976
287.4565833,,,,,,232.719724,,2896.373732,6571.938789,9468.312521
285.5609167,,,,,,254.057423,,6651.570012,10624.25072,17275.82073
258.0171,,,,,,256.264617,,7782.395239,10720.00665,18502.40189
389.2688125,,,,,,244.06364,,2323.801707,12711.86645,15035.66816
26.089,,,,,,,,542.6306005,6239.728642,6782.359242
388.7050909,,,,,,248.089065,,219.0088813,6527.974724,6746.983606
319.0594444,,,,,,266.526336,,387.0243039,17010.57935,17397.60365
403.6603333,,,,,,246.40446,,296.0965275,6577.789412,6873.88594
317.0937692,,,,,,271.687357,,290.7561772,7963.812316,8254.568493
325.7668333,,,,,,291.038412,,7147.934987,9298.636498,16446.57149
205.7575625,,,,,,235.659051,,247.25117,11051.38222,11298.63339
218.9749333,,,,,,289.141422,,855.2873467,11171.84327,12027.13062
277.2516,,,,,,275.27196,,767.7114001,7465.061678,8232.773078
315.3515833,,,,,,234.644908,,309.5232216,8314.350263,8623.873485
270.6956667,,,,,,225.226309,,787.2614137,11359.82661,12147.08802
340.4381667,,,,,,238.449484,,13008.40057,8074.851905,21083.25248
240.7535,,,,,,242.090648,,827.9612159,13243.19849,14071.15971
390.2363636,,,,,,251.831535,,7777.882269,8999.011964,16776.89423
278.5397273,,,,,,242.894616,,7608.20302,9533.122874,17141.32589
356.2391818,,,,,,280.447364,,8535.559249,7122.39228,15657.95153
344.833,,,,,,263.291892,,17755.15106,6583.86456,24339.01562
246.7090833,,,,,,226.283026,,4539.6695,5410.374551,9950.044051
39.59966667,,,,,,,,556.436592,12177.5318,12733.96839
438.1606,,,,,,235.604516,,4422.007727,7744.510024,12166.51775
,,,,,,,,34.57241234,15.86676973,50.43918207
380.9534167,,,,,,246.874256,,102.4574767,7745.223012,7847.680489
283.5178,,,,,,217.20096,,218.0071165,6686.903789,6904.910906
388.0946667,,,,,,253.70882,,20253.96663,7034.601544,27288.56817
258.217,,,,,,231.855347,,144.0856988,4585.773817,4729.859516
299.8856,,,,,,240.901156,,12354.08828,11290.54469,23644.63298
,,,,,,,,31.44824941,14.50965979,45.9579092
114.0188,,,,,,156.871245,,357.6422657,6278.998554,6636.64082
560.579625,,,,,,248.131812,,260.7767421,7347.445664,7608.222406
36.05628571,,,,,,,,60.99329476,543.6558646,604.6491593
380.3587692,,,,,,221.252502,,252.9097963,6446.23258,6699.142376
345.6100769,,,,,,239.501065,,12878.85223,4852.575829,17731.42806
509.8827273,,,,,,260.472039,,6088.149678,8711.77817,14799.92785
15.99833333,,,,,,,,269.5227258,13869.57628,14139.099
573.2973846,,,,,,239.042617,,4765.009785,8140.234834,12905.24462
343.2281667,,,,,,256.040906,,10412.20711,7868.718242,18280.92535
,,,,,,,,83.0823941,24.83581405,107.9182082
37.06575,,,,,,,,138.3102885,10198.08043,10336.39072
230.9317143,,,,,,196.22654,,234.4071006,13594.59133,13828.99843
203.184,,,,,,246.130375,,274.1388611,8519.508875,8793.647736
332.8889167,,,,,,298.227545,,3160.418777,9282.710957,12443.12973
322.075,,,,,,243.931224,,7891.937888,10611.22981,18503.1677
371.0947273,,,,,,221.978709,,177.0420523,8980.060873,9157.102926
303.1138182,,,,,,241.246185,,808.1459969,8193.084986,9001.230983
,,,,,,,,37.0020447,8.672354227,45.67439893
,,,,,,,,42.44454868,642.6589828,685.1035315
37.36,,,,,,,,286.0768495,14902.69979,15188.77664
355.1369091,,,,,,270.312775,,8300.187965,11066.21131,19366.39928
289.32125,,,,,,225.221296,,458.0143366,11287.87731,11745.89165
275.9452857,,,,,,197.747004,,403.0428307,13169.37403,13572.41687
400.9493636,,,,,,285.832568,,4135.171032,5369.217952,9504.388983
341.1423636,,,,,,278.43579,,1689.730319,5836.915876,7526.646195
423.718,,,,,,247.324338,,2611.562204,6814.180766,9425.74297
263.9016154,,,,,,254.228936,,3990.658405,9619.170372,13609.82878
394.5878333,,,,,,232.355883,,18144.79581,7181.835951,25326.63176
344.557,,,,,,273.855124,,305.5686996,7897.278516,8202.847216
16.4375,,,,,,,,433.5992198,6316.213243,6749.812462
535.5669091,,,,,,264.966416,,91.63282087,6511.038298,6602.671119
455.454,,,,,,267.635135,,82.33799539,6503.146297,6585.484292
367.0168333,,,,,,271.299977,,17060.50224,8756.135228,25816.63747
,,,,,,,,30.76923077,11.42380655,42.19303731
326.0232,,,,,,249.274132,,6398.361495,8066.814323,14465.17582
328.9553333,,,,,,227.189185,,13600.77771,6625.670182,20226.44789
286.9986875,,,,,,239.347124,,7689.693059,11518.78346,19208.47652
291.8790556,,,,,,225.126463,,1228.481659,17862.95755,19091.43921
315.6194,,,,,,242.536576,,3801.725263,5854.373079,9656.098342
407.2321538,,,,,,243.527635,,6555.604868,8604.459134,15160.064
337.3735455,,,,,,259.12301,,9185.879188,8612.974908,17798.8541
17.999,,,,,,,,149.3374349,11819.27354,11968.61098
312.0447,,,,,,234.010177,,5408.784701,5917.58174,11326.36644
388.87525,,,,,,294.39761,,5364.346307,9049.101796,14413.4481
310.6641667,,,,,,244.996281,,4162.360537,8874.892494,13037.25303
276.1531667,,,,,,228.078937,,5234.879561,8798.84331,14033.72287
130.023,,,,,,227.49277,,113.39295,10377.06665,10490.4596
296.6410909,,,,,,281.174877,,222.6027852,8571.893212,8794.495997
376.0890909,,,,,,270.500817,,2490.04526,10289.52836,12779.57362
,,,,,,,,28.81686841,9.683717298,38.50058571
296.7831818,,,,,,268.327745,,9094.485367,6651.188946,15745.67431
32.813,,,,,,,,186.6949619,11546.19693,11732.89189
,,,,,,,,21.07826558,12.24379355,33.32205912
,,,,,,,,35.30880854,11.32465445,46.63346299
,,,,,,,,43.82022472,15.08632502,58.90654974
473.7600833,,,,,,298.095571,,1652.251962,6098.843687,7751.09565
,,,,,,,,42.56528779,16.11647366,58.68176144
285.3703636,,,,,,250.125856,,488.6714124,10472.03967,10960.71108
373.7443636,,,,,,238.871736,,7845.951078,9472.490818,17318.4419
348.4969,,,,,,260.222245,,10822.65807,8279.98919,19102.64726
291.9544167,,,,,,259.342883,,5955.177211,8325.131137,14280.30835
306.8508333,,,,,,248.353908,,7460.920791,12592.87958,20053.80037
34.47575,,,,,,,,191.2349663,642.886477,834.1214432
368.8980909,,,,,,239.16304,,12815.0967,9384.03386,22199.13056
,,,,,,,,334.4073094,5193.267612,5527.674922
46.65625,,,,,,,,333.5789395,5191.323026,5524.901966
256.07925,,,,,,242.838811,,221.871057,9076.035427,9297.906484
,,,,,,,,234.1710041,4428.677905,4662.848909
250.844,,,,,,281.335263,,11466.8451,9081.351076,20548.19618
326.5094545,,,,,,287.730315,,3758.773252,10247.64017,14006.41342
302.8095,,,,,,249.374833,,1185.65448,8403.942906,9589.597386
100.2338333,,,,,,257.12556,,148.7647018,12576.97822,12725.74292
285.63675,,,,,,270.081722,,1885.819392,6070.129809,7955.949201
312.582,,,,,,224.85409,,112.9313853,13622.73067,13735.66206
340.7544545,,,,,,314.171857,,7912.369614,8560.882739,16473.25235
277.9790909,,,,,,261.433413,,2531.455703,10025.4802,12556.9359
289.2786,,,,,,253.184846,,13287.33706,5420.325611,18707.66267
328.6631,,,,,,233.810121,,2883.366993,4670.428596,7553.795589
267.7991667,,,,,,259.750209,,9875.613728,8129.308339,18004.92207
340.7523333,,,,,,236.397818,,3977.990553,6343.316737,10321.30729
303.6813077,,,,,,246.018362,,14313.21345,7947.172076,22260.38553
118.3636,,,,,,218.65734,,682.6311724,12175.61352,12858.2447
157.1545,,,,,,220.667785,,255.6687093,12402.78329,12658.452
,,,,,,,,29.73949801,10.78025537,40.51975338
,,,,,,,,33.26623914,14.52667384,47.79291298
244.0674286,,,,,,231.539986,,220.8494208,12157.06012,12377.90954
347.815,,,,,,243.74168,,6873.594623,7052.840808,13926.43543
24.8722,,,,,,,,140.1903512,8890.095176,9030.285527
390.9104286,,,,,,218.283218,,204.4169844,14532.53582,14736.95281
133.8265,,,,,,210.30994,,189.8136577,13386.48671,13576.30037
304.3016667,,,,,,248.705668,,420.7052409,8463.643864,8884.349105
,,,,,,,,27.26353867,12.08905203,39.3525907
286.4430909,,,,,,262.039827,,8748.705889,6660.490073,15409.19596
,,,,,,,,31.92400529,14.00243972,45.92644502
320.2456364,,,,,,254.012676,,2372.404506,7029.276328,9401.680834
325.9186667,,,,,,190.55341,,689.2409495,1885.462857,2574.703807
423.086,,,,,,246.663322,,2847.047833,8367.837569,11214.8854
451.3194,,,,,,270.731035,,12796.94942,9903.086755,22700.03617
34.4086,,,,,,,,316.8304168,6769.083193,7085.91361
335.2628182,,,,,,270.851749,,5172.961794,7826.518148,12999.47994
209.7091333,,,,,,227.838869,,281.4013445,9134.821579,9416.222924
252.1695,,,,,,243.055549,,840.4923819,6695.114303,7535.606685
232.8841667,,,,,,211.57652,,314.5993203,12550.3957,12864.99502
365.1855833,,,,,,247.27638,,306.2164544,11090.8836,11397.10006
256.73775,,,,,,237.837229,,7792.760382,8619.550952,16412.31133
386.9234167,,,,,,265.455056,,279.9647874,9024.239644,9304.204431
285.8696364,,,,,,249.464562,,874.5,7179.5875,8054.0875
390.1843,,,,,,253.659803,,874.6378884,7496.798498,8371.436386
,,,,,,,,234.6261505,4549.52268,4784.148831
429.0153636,,,,,,253.30094,,1237.042665,7794.08147,9031.124135
304.3559,,,,,,258.353274,,20159.78297,7388.276159,27548.05913
259.9636364,,,,,,241.558256,,3231.349806,5838.561844,9069.911651
254.6549375,,,,,,260.306931,,4531.648154,8373.077154,12904.72531
280.0579091,,,,,,244.917092,,2349.567439,10474.19091,12823.75834
216.3585714,,,,,,285.951633,,3556.258106,8151.53896,11707.79707
355.8032727,,,,,,288.367837,,9825.46602,7393.981184,17219.4472
287.388,,,,,,285.172831,,5385.448991,6745.842223,12131.29121
288.9120833,,,,,,295.246394,,9389.958019,7580.796734,16970.75475
277.3136364,,,,,,271.995209,,3494.965106,8553.959093,12048.9242
,,,,,,,,24.87521028,12.75475028,37.62996056
427.2095833,,,,,,247.109664,,100.4336015,7799.211159,7899.64476
,,,,,,,,21.46520234,11.07766263,32.54286496
395.272,,,,,,250.115431,,21059.72556,6180.722244,27240.44781
,,,,,,,,40.55770182,11.61655995,52.17426177
474.1814,,,,,,258.127342,,13131.9559,8204.175923,21336.13182
407.299,,,,,,259.52562,,6055.277138,8344.274384,14399.55152
131.8474,,,,,,263.637485,,408.1185389,13687.91178,14096.03032
,,,,,,,,254.6366907,3627.143705,3881.780396
358.7159167,,,,,,254.753815,,7701.92583,6377.100038,14079.02587
349.7367,,,,,,262.774603,,168.5799235,6555.92443,6724.504353
337.8153333,,,,,,264.305788,,11632.93895,5337.364569,16970.30352
339.33725,,,,,,293.99705,,19491.28607,7599.533427,27090.8195
435.12,,,,,,194.8300125,,2855.883766,15085.35444,17941.23821
451.9878,,,,,,257.854117,,3662.687497,5983.414859,9646.102356
322.5390769,,,,,,259.987878,,13894.18221,7584.399606,21478.58182
510.3801818,,,,,,225.734585,,5953.327299,5908.57472,11861.90202
,,,,,,,,42.83972833,18.56097986,61.40070819
267.819875,,,,,,232.5009529,,222.949672,13337.24428,13560.19395
349.0551429,,,,,,204.08918,,283.4909565,16085.87633,16369.36729
44.9475,,,,,,,,472.3075229,17313.76243,17786.06996
209.119,,,,,,197.7785,,2696.233473,15602.65669,18298.89016
48.71333333,,,,,,,,330.6467313,12878.79142,13209.43815
399.13825,,,,,,251.721332,,386.3069914,10850.26025,11236.56724
,,,,,,,,35.57133147,15.45200514,51.02333661
357.5372,,,,,,245.459127,,1655.946255,8428.125596,10084.07185
23.031,,,,,,,,298.650396,12042.85868,12341.50908
101.114,,,,,,,,633.3410862,12765.36807,13398.70915
407.391,,,,,,251.246738,,980.4514926,12332.49062,13312.94211
39.5865,,,,,,,,71.82475134,500.0533319,571.8780833
39.2785,,,,,,,,269.8058714,10932.73133,11202.5372
66.9075,,,,,,,,449.0546986,12280.01647,12729.07117
421.5914,,,,,,261.803641,,2836.176346,6293.814677,9129.991022
352.564,,,,,,245.448888,,4848.292643,7261.531011,12109.82365
321.9113333,,,,,,270.452934,,3212.182674,12395.62537,15607.80805
457.72725,,,,,,236.5511367,,391.0480859,12980.72771,13371.77579
286.8792222,,,,,,230.263016,,419.5573578,6322.320207,6741.877565
28.336,,,,,,,,119.4026166,11475.32708,11594.7297
,,,,,,,,29.87975222,9.150168023,39.02992024
374.3784,,,,,,222.797194,,20504.54497,7464.084015,27968.62898
377.7325,,,,,,241.3131583,,216.8783188,12575.81737,12792.69568
320.0543333,,,,,,284.240447,,5661.670643,6668.193817,12329.86446
439.787,,,,,,260.879564,,7489.847884,9244.685225,16734.53311
314.0106667,,,,,,247.270995,,6918.743978,7781.756748,14700.50073
383.517,,,,,,246.342443,,5375.92678,6247.602493,11623.52927
314.123,,,,,,265.075218,,13140.77692,5694.808194,18835.58512
352.2545,,,,,,258.557606,,2346.5654,4816.883668,7163.449067
329.441,,,,,,268.207167,,4743.715247,7124.573105,11868.28835
300.0682,,,,,,241.4688875,,963.1437227,13614.50431,14577.64803
473.0652,,,,,,254.586365,,6463.562069,8846.201019,15309.76309
316.4233333,,,,,,248.502416,,4548.401826,6626.67628,11175.07811
310.5225556,,,,,,250.867781,,19286.50223,5424.178306,24710.68053
348.9929,,,,,,281.174691,,2992.668602,7119.089225,10111.75783
515.1606,,,,,,215.2638875,,62.22912139,11108.37628,11170.6054
26.987,,,,,,,,284.6255799,11053.7371,11338.36268
386.6609,,,,,,268.558712,,5087.964092,10399.98536,15487.94946
190.355,,,,,,147.967495,,133.1187979,4077.668658,4210.787456
314.9509,,,,,,244.018288,,4755.445706,6717.760335,11473.20604
,,,,,,,,34.84967732,18.62112388,53.4708012
,,,,,,,,34.4578032,10.76222715,45.22003035
,,,,,,,,33.80910226,7.009204128,40.81830639
,,,,,,,,31.61288815,21.35563915,52.9685273
757.616,,,,,,188.45782,,254.3252382,11540.14141,11794.46665
,,,,,,,,34.55290459,17.11661969,51.66952428
272.0263846,,,,,,232.698816,,1608.47006,11371.66788,12980.13794
425.6006,,,,,,249.994776,,6034.819382,9367.059258,15401.87864
299.779,,,,,,250.2166,,4475.209994,13275.0891,17750.29909
315.8056667,,,,,,279.708891,,4679.083494,6985.33286,11664.41635
381.4271111,,,,,,248.073738,,4388.034564,7771.45577,12159.49033
21.667,,,,,,,,55.77291366,133.4461246,189.2190382
306.8764286,,,,,,253.4594822,,576.2092631,11168.44055,11744.64981
486.1412857,,,,,,253.2573683,,411.102308,16876.56021,17287.66251
88.4625,,,,,,,,343.1645447,5697.063949,6040.228494
,,,,,,,,367.6237624,5996.757426,6364.381188
51.88966667,,,,,,,,431.5380719,12951.47989,13383.01796
386.5517,,,,,,273.895291,,23014.77852,7352.627511,30367.40603
303.6936667,,,,,,250.069996,,4120.776849,9545.024168,13665.80102
284.1886667,,,,,,297.652652,,2432.467336,6457.970239,8890.437575
423.4138333,,,,,,201.3046467,,287.5921074,18787.93231,19075.52441
377.0755556,,,,,,246.314434,,9680.860493,6291.967383,15972.82788
29.54,,,,,,,,146.8984322,11860.58769,12007.48612
51.464375,,,,,,,,479.4134654,2235.340341,2714.753807
327.0263333,,,,,,215.002075,,424.8621636,16174.01342,16598.87558
304.4188,,,,,,248.654154,,9538.818532,5311.308634,14850.12717
49.8485,,,,,,,,271.3763803,1317.091526,1588.467906
438.7228889,,,,,,239.877152,,7113.137617,9124.600395,16237.73801
271.5233,,,,,,211.984468,,8116.093501,10350.38551,18466.47901
664.2553636,,,,,,273.806318,,6539.327917,7109.78582,13649.11374
478.401,,,,,,176.556365,,1016.902791,13876.51845,14893.42124
,,,,,,,,37.89929616,14.1957294,52.09502555
,,,,,,,,35.07646241,12.15110683,47.22756924
,,,,,,,,24.64284063,8.183457395,32.82629803
,,,,,,,,127.1997244,1262.575533,1389.775257
348.0792,,,,,,233.027523,,14024.81887,9542.536871,23567.35574
412.4905,,,,,,201.0451111,,115.4062357,13256.14746,13371.5537
51.136,,,,,,,,239.0267109,10461.02506,10700.05177
337.7231667,,,,,,208.7233167,,369.8177691,15120.81564,15490.63341
730.798,,,,,,215.180435,,939.3923486,15558.56684,16497.95918
,,,,,,,,35.59800304,9.67836668,45.27636972
344.639,,,,,,235.014931,,12874.24791,6042.557355,18916.80526
,,,,,,,,26.7949338,10.74411492,37.53904871
422.4918,,,,,,250.916395,,308.2339001,6961.834165,7270.068065
342.016,,,,,,213.558018,,6223.416575,6950.409395,13173.82597
398.4161111,,,,,,249.824756,,1402.477006,6351.927101,7754.404107
332.2203,,,,,,266.785977,,1997.119741,11151.82875,13148.94849
597.0336364,,,,,,227.969791,,6465.59157,8101.229443,14566.82101
413.4837778,,,,,,238.507008,,3946.772091,7458.473946,11405.24604
417.72975,,,,,,217.9966811,,380.6969196,11537.5467,11918.24362
404.8395714,,,,,,202.35367,,366.9430166,9655.926057,10022.86907
340.4483333,,,,,,248.6500833,,355.0023983,10005.68024,10360.68264
29.679,,,,,,,,188.3160684,3536.220188,3724.536256
56.8015,,,,,,,,533.3267258,16445.15338,16978.4801
167.3175,,,,,,236.451525,,290.3154318,13420.42796,13710.74339
411.3385556,,,,,,250.520198,,876.0481038,8378.240468,9254.288572
290.3897143,,,,,,230.9408314,,412.4298222,11994.34651,12406.77633
461.8633636,,,,,,259.976581,,1990.049812,8133.30307,10123.35288
452.0545,,,,,,270.030201,,1087.947883,10789.75857,11877.70646
469.7601111,,,,,,242.714951,,11013.87921,7305.248113,18319.12732
371.7576,,,,,,242.459013,,3471.178573,8752.746311,12223.92488
421.114,,,,,,241.848993,,2493.016579,12079.60041,14572.61699
342.4531111,,,,,,264.081766,,4704.443211,6197.718766,10902.16198
457.0431,,,,,,278.223201,,3822.67866,9301.650533,13124.32919
368.9815,,,,,,233.196885,,10345.07846,7841.944187,18187.02264
470.7283636,,,,,,267.636537,,7478.728405,5205.206252,12683.93466
31.2095,,,,,,,,966.8720125,12699.9182,13666.79021
438.3846,,,,,,273.698515,,715.5875757,5318.860633,6034.448208
,,,,,,,,36.07333704,12.99054175,49.06387879
285.8828889,,,,,,237.687837,,97.2031457,5948.572401,6045.775547
306.9307143,,,,,,205.2661671,,195.0859086,11372.56788,11567.65379
411.7305,,,,,,246.833344,,13604.09176,7053.424136,20657.5159
338.4424,,,,,,248.362965,,242.3850865,5020.028266,5262.413352
568.0873,,,,,,248.674919,,9685.997846,6818.273043,16504.27089
,,,,,,,,20.44029283,14.18225709,34.62254992
331.5194,,,,,,228.1117825,,420.1282191,8534.870299,8954.998518
438.7434286,,,,,,202.2465838,,354.4750215,9622.865236,9977.340257
53.54075,,,,,,,,74.97407811,1127.588866,1202.562944
39.8455,,,,,,,,252.4576872,11911.23188,12163.68957
337.2939,,,,,,239.753646,,6345.209208,5125.511946,11470.72115
362.7692222,,,,,,260.010275,,14686.51302,6172.713046,20859.22606
380.8506,,,,,,234.263375,,8629.897521,6663.477121,15293.37464
369.8177,,,,,,269.711294,,3454.065134,5112.125379,8566.190513
342.8805556,,,,,,243.454185,,10318.74493,6279.356258,16598.10119
319.3026,,,,,,249.40699,,6237.625137,6964.690854,13202.31599
307.0465714,,,,,,232.117242,,39.03363448,5903.446879,5942.480513
454.2591667,,,,,,234.050865,,321.5492129,13641.15644,13962.70565
204.485375,,,,,,219.813725,,410.470694,15072.74022,15483.21091
686.7758,,,,,,193.529755,,1399.757702,14853.80178,16253.55948
258.8743333,,,,,,232.71688,,2832.344607,15278.52962,18110.87423
62.67633333,,,,,,,,357.7385395,12820.05611,13177.79465
344.8585,,,,,,203.829648,,377.6639929,11079.48276,11457.14675
,,,,,,,,33.04431474,9.190531283,42.23484602
59.917,,,,,,,,254.4904679,9529.006091,9783.496559
457.9005556,,,,,,277.089731,,3724.132271,6515.340078,10239.47235
24.861,,,,,,,,364.5287371,10893.21458,11257.74332
322.731,,,,,,232.871557,,1208.093521,13292.59905,14500.69257
31.448,,,,,,,,119.0345584,148.6993677,267.7339261
466.5005833,,,,,,258.236142,,11128.74083,7979.981094,19108.72193
344.0029,,,,,,237.895821,,7500.901104,9250.971503,16751.87261
32.7795,,,,,,,,430.5748968,10016.63688,10447.21178
301.8436667,,,,,,246.719789,,6321.015066,6732.016647,13053.03171
409.456,,,,,,247.269706,,10639.61712,8335.030577,18974.6477
353.9651667,,,,,,211.81304,,420.124838,15845.24849,16265.37332
271.5572222,,,,,,243.873024,,98.37294468,6020.522526,6118.89547
32.3875,,,,,,,,127.7486658,11272.24649,11399.99516
27.542,,,,,,,,226.9116463,10854.88709,11081.79874
30.231,,,,,,,,682.7543937,20372.73544,21055.48983
500.6694444,,,,,,221.5065133,,199.2166088,12389.9598,12589.17641
339.702625,,,,,,246.95961,,3439.850199,6617.089575,10056.93977
500.2261,,,,,,247.288528,,11186.50952,6101.12375,17287.63327
354.6162222,,,,,,256.039126,,4760.916517,9161.259185,13922.1757
421.9591111,,,,,,236.954355,,12341.62627,8163.730005,20505.35628
378.3045,,,,,,229.903279,,33361.6047,7664.510125,41026.11483
446.8955556,,,,,,242.11408,,6152.224008,6831.99432,12984.21833
407.3887778,,,,,,259.263579,,2657.638124,6598.134127,9255.772251
56.017,,,,,,,,373.5432374,14143.85979,14517.40302
454.4354545,,,,,,232.347836,,6282.347228,6382.177897,12664.52513
334.0803333,,,,,,240.408368,,3701.856204,7635.618015,11337.47422
673.8871818,,,,,,246.951883,,12706.17198,5264.158576,17970.33056
430.26925,,,,,,253.087782,,11426.82642,8117.001536,19543.82796
,,,,,,,,29.56512092,17.20934103,46.77446195
347.2276667,,,,,,230.17616,,272.1490869,13351.50934,13623.65843
458.32725,,,,,,261.069394,,5404.599218,9438.646893,14843.24611
152.49975,,,,,,168.94505,,172.5878577,11270.63729,11443.22515
405.2948889,,,,,,273.897116,,12999.20294,7364.418686,20363.62163
308.6276667,,,,,,232.7705425,,149.1318593,11983.47566,12132.60752
,,,,,,,,23.39690644,18.00570656,41.402613
,,,,,,,,37.73904829,19.53564984,57.27469812
,,,,,,,,29.8220858,17.26771505,47.08980085
445.941125,,,,,,278.17128,,2257.274479,3753.482857,6010.757336
,,,,,,,,44.81531345,17.27562351,62.09093696
400.4842222,,,,,,298.507112,,990.6009539,7808.903021,8799.503975
442.5041,,,,,,259.582527,,5154.438152,14115.28541,19269.72356
366.8152,,,,,,240.840828,,6993.660024,13000.3202,19993.98022
308.3281111,,,,,,220.116752,,3140.710632,6072.490409,9213.201041
357.7305556,,,,,,271.677707,,7458.16115,7848.1951,15306.35625
26.977,,,,,,,,206.5352829,816.5670693,1023.102352
437.2132857,,,,,,219.6629843,,223.8570173,13626.1265,13849.98351
260.809,,,,,,233.037365,,361.164234,13499.89513,13861.05936
,,,,,,,,393.3471723,6127.980862,6521.328034
282.874875,,,,,,229.2291867,,386.9889095,9704.055405,10091.04431
239.978,,,,,,216.46094,,351.8141256,13082.51365,13434.32778
285.8687778,,,,,,267.599542,,12802.45811,9313.374688,22115.8328
417.6328889,,,,,,235.555263,,9027.10541,11656.49129,20683.5967
486.049,,,,,,239.36865,,131.8988689,6070.240548,6202.139417
306.8804286,,,,,,210.64148,,117.2368031,4741.765611,4859.002414
167.9843333,,,,,,177.08402,,946.5206508,13515.45682,14461.97747
26.8575,,,,,,,,283.4272885,1241.842985,1525.270274
72.446,,,,,,,,130.6978479,8476.042808,8606.740656
332.6196,,,,,,239.1274625,,377.2644711,14652.28718,15029.55165
357.6368889,,,,,,291.606852,,6991.69479,7575.498313,14567.1931
482.4195,,,,,,286.591782,,4339.022231,3182.151289,7521.17352
435.8085556,,,,,,253.455715,,13248.82145,6895.294303,20144.11576
397.0022,,,,,,269.386463,,5436.515986,3548.039464,8984.555451
502.9720909,,,,,,281.969566,,6630.922752,5761.070674,12391.99343
460.2042,,,,,,228.493756,,3415.888828,6382.029963,9797.918791
322.8008889,,,,,,246.57512,,225.0031834,7980.800521,8205.803704
,,,,,,,,40.91766567,21.2012414,62.11890708
,,,,,,,,41.9668517,10.6688713,52.635723
,,,,,,,,168.0759707,1277.474843,1445.550814
409.9389167,,,,,,222.250849,,2718.654267,8546.553611,11265.20788
359.746625,,,,,,235.6165311,,128.608607,13246.96823,13375.57684
375.4876364,,,,,,256.72121,,235.4352193,7357.785374,7593.220593
299.9502,,,,,,201.3150875,,371.7849427,7949.211266,8320.996209
335.2546667,,,,,,222.451087,,1202.996405,8706.910415,9909.906821
,,,,,,,,35.07755147,11.26014241,46.33769388
331.1663,,,,,,240.032718,,14596.46554,7144.98184,21741.44738
,,,,,,,,32.70748454,17.42214878,50.12963332
49.6025,,,,,,,,131.9588636,11944.73215,12076.69101
629.4473333,,,,,,203.74146,,419.3058697,15021.37159,15440.67746
416.5918889,,,,,,253.769711,,3217.994097,6970.482628,10188.47672
394.3545,,,,,,243.241526,,13454.94918,6673.489998,20128.43918
469.7557273,,,,,,240.001335,,5272.766885,5467.138707,10739.90559
278.2095556,,,,,,238.167412,,4208.282928,7188.779163,11397.06209
272.70575,,,,,,242.962635,,333.6060114,12790.34953,13123.95555
286.0615714,,,,,,219.7883197,,390.7670644,10293.81274,10684.57981
,,,,,,,,34.23010731,15.22322332,49.45333063
,,,,,,,,226.5755366,4351.189796,4577.765332
304.2563333,,,,,,232.651832,,11896.44734,8303.176107,20199.62344
174.546,,,,,,224.53401,,418.10732,13619.12613,14037.23345
512.3771818,,,,,,255.667905,,2680.424091,7554.124907,10234.549
311.2901429,,,,,,221.674085,,855.5153773,15926.0827,16781.59807
509.9513636,,,,,,265.997172,,3179.545916,7588.842359,10768.38827
157.018,,,,,,241.742555,,320.8934991,13352.64926,13673.54276
339.9630909,,,,,,267.407991,,14716.94809,7876.844434,22593.79252
398.5137273,,,,,,226.113407,,5953.389523,6527.05321,12480.44273
407.6396667,,,,,,259.956375,,7330.015715,6338.099433,13668.11515
358.0377778,,,,,,247.557753,,7588.405117,5793.122873,13381.52799
393.7504167,,,,,,287.514181,,5102.882916,5812.045258,10914.92817
369.0906667,,,,,,273.572936,,6536.597123,10925.43383,17462.03095
,,,,,,,,148.8259208,1610.351314,1759.177234
293.9844444,,,,,,246.518714,,3420.163988,5652.948508,9073.112496
,,,,,,,,26.54718276,14.1671307,40.71431346
,,,,,,,,46.81065065,22.23641825,69.0470689
357.0617778,,,,,,250.525393,,74.1677593,5691.34284,5765.5106
306.958,,,,,,210.5905694,,207.9982612,11739.89031,11947.88857
299.9519,,,,,,222.611484,,30010.7726,6488.715963,36499.48856
290.4028,,,,,,199.35191,,158.8113798,7065.667266,7224.478646
447.1933,,,,,,290.149306,,989.2342871,8158.988938,9148.223225
,,,,,,,,35.55525908,14.19208512,49.7473442
,,,,,,,,353.5124173,4879.468175,5232.980592
,,,,,,,,287.6918877,4368.112513,4655.804401
47.1085,,,,,,,,65.4925107,1059.428139,1124.92065
33.9065,,,,,,,,248.9977218,11869.65929,12118.65701
528.0715,,,,,,240.626284,,8879.037392,7834.840061,16713.87745
477.8215556,,,,,,275.875478,,12224.67257,6408.693841,18633.36641
305.9693333,,,,,,246.33292,,6232.81228,6598.187548,12830.99983
431.7778333,,,,,,232.077349,,5868.778118,6495.975046,12364.75316
341.9904444,,,,,,271.747012,,9393.618249,7188.554871,16582.17312
205.2223333,,,,,,202.234215,,389.4468573,15963.12885,16352.5757
,,,,,,,,19.49103442,6.432635598,25.92367002
300.75,,,,,,226.180665,,179.3584527,12847.23617,13026.59462
276.6133333,,,,,,,,360.8544832,11747.90642,12108.76091
78.22533333,,,,,,,,433.4659671,14732.24409,15165.71006
38.7605,,,,,,,,572.9802959,15120.94638,15693.92667
148.29775,,,,,,206.13073,,323.9966151,13313.4913,13637.48791
369.731,,,,,,291.525175,,1858.604074,9564.105596,11422.70967
,,,,,,,,37.82543147,21.87169506,59.69712653
330.8775,,,,,,258.670039,,4119.868817,8707.3654,12827.23422
312.5344,,,,,,264.154035,,667.3143855,8489.970607,9157.284992
504.1654,,,,,,244.241223,,10780.04342,5268.136977,16048.1804
362.6104,,,,,,347.9157075,,282.4223842,8390.046352,8672.468736
428.4521429,,,,,,216.8613283,,478.7131045,16801.81076,17280.52386
32.433,,,,,,,,306.0088498,12534.79327,12840.80212
370.2638,,,,,,264.829805,,9038.635809,7606.438397,16645.07421
395.9491,,,,,,241.980706,,2799.926095,4912.804089,7712.730184
328.1997,,,,,,231.679951,,3417.509563,10602.70822,14020.21778
440.8018,,,,,,282.103635,,9811.086883,7319.757028,17130.84391
374.9364444,,,,,,231.502652,,305.6162546,8031.755159,8337.371414
397.4855,,,,,,211.995543,,457.494263,6646.326999,7103.821262
32.5815,,,,,,,,128.4179365,12227.84041,12356.25834
289.6164,,,,,,231.6533575,,234.0378229,12994.20568,13228.2435
409.262,,,,,,181.8606475,,9135.592291,16191.70984,25327.30214
44.41,,,,,,,,210.0724223,10641.08062,10851.15304
308.712,,,,,,244.062426,,3992.616932,8003.126164,11995.7431
631.54175,,,,,,248.56977,,779.2925028,19062.15734,19841.44985
303.243,,,,,,245.181227,,6661.764021,6619.165735,13280.92976
340.2463333,,,,,,251.771482,,9044.611386,5902.896951,14947.50834
372.1658,,,,,,252.337881,,5259.42924,9616.342716,14875.77196
37.3135,,,,,,,,234.1809376,10857.41798,11091.59892
365.8103333,,,,,,258.6327,,5494.348533,8143.170499,13637.51903
340.9988,,,,,,234.0894425,,2154.708844,17632.9034,19787.61225
340.8494,,,,,,230.832032,,6891.322722,6310.733906,13202.05663
367.7443333,,,,,,256.573419,,4023.373765,8207.00256,12230.37632
322.536,,,,,,247.403923,,14048.7066,5330.027966,19378.73456
,,,,,,,,126.3666831,704.3019614,830.6686446
,,,,,,,,39.28677794,16.75579784,56.04257578
320.4336,,,,,,222.6052825,,308.5171006,14666.22402,14974.74112
,,,,,,,,252.2099654,3564.456286,3816.666252
258.087125,,,,,,236.7788167,,190.1769088,7298.951145,7489.128053
366.0642,,,,,,235.337855,,13333.55917,5873.43698,19206.99615
,,,,,,,,90.42588799,1251.275254,1341.701142
,,,,,,,,22.43399754,14.84200447,37.27600201
,,,,,,,,28.42405923,9.317545271,37.7416045
,,,,,,,,34.20254002,19.35938556,53.56192558
340.9174444,,,,,,242.027903,,3287.861302,3953.693018,7241.55432
,,,,,,,,35.93015014,16.58612024,52.51627038
525.1866667,,,,,,243.150424,,919.2951953,7312.46513,8231.760325
393.8896364,,,,,,236.32118,,6381.426331,8163.433252,14544.85958
481.3075,,,,,,247.428034,,13639.41693,9055.508198,22694.92513
489.3185,,,,,,259.791254,,7599.269331,9237.748575,16837.01791
326.6182222,,,,,,286.086025,,8329.868688,6588.657492,14918.52618
432.1001818,,,,,,259.852781,,4291.867385,4262.113913,8553.981298
192.4133333,,,,,,213.630485,,2135.875348,13974.01824,16109.89359
44.595,,,,,,,,399.521743,12751.78714,13151.30888
,,,,,,,,322.8907617,5308.994197,5631.884959
195.513,,,,,,185.06151,,341.4559892,13274.3648,13615.82079
148.78675,,,,,,223.253085,,395.0108567,13627.77586,14022.78672
434.7694,,,,,,263.185192,,13412.91358,9954.823957,23367.73753
345.8086,,,,,,287.749244,,4441.177199,7517.415215,11958.59241
373.5154,,,,,,229.21306,,2964.215674,6595.513643,9559.729317
123.5216,,,,,,254.95179,,147.4870237,13314.59678,13462.08381
353.614,,,,,,254.555878,,2083.685435,7672.200627,9755.886062
,,,,,,,,30.96676737,20.89627392,51.86304129
412.8744,,,,,,264.834472,,20183.88452,6540.73306,26724.61758
382.2983333,,,,,,229.5701033,,342.8636934,15419.72245,15762.58614
317.0543333,,,,,,256.589075,,5105.200462,4775.031332,9880.231793
404.0166,,,,,,232.734441,,5431.319713,4385.564136,9816.883848
419.6771111,,,,,,271.440063,,3971.871202,8268.364562,12240.23576
415.7942727,,,,,,243.362914,,14319.46216,3794.619089,18114.08125
313.8599,,,,,,248.79232,,8898.421737,6866.646036,15765.06777
303.139,,,,,,227.903995,,933.8981253,13680.5783,14614.47643
279.9125714,,,,,,241.3692571,,235.0178033,13713.42098,13948.43878
,,,,,,,,17.20294758,8.22122571,25.42417329
,,,,,,,,34.85781296,14.74640868,49.60422164
,,,,,,,,35.54212911,13.1345636,48.67669272
514.7261111,,,,,,253.6460289,,1380.349664,12914.54944,14294.8991
459.6715,,,,,,218.1785689,,122.969044,13323.01904,13445.98808
189.1253333,,,,,,296.232005,,187.405535,10933.84844,11121.25397
28.3855,,,,,,,,171.8735385,10030.8437,10202.71724
362.3388889,,,,,,239.211133,,2852.720197,3017.272396,5869.992593
,,,,,,,,46.25354182,19.71612971,65.96967153
533.2254444,,,,,,250.724157,,13425.51953,5889.074932,19314.59447
,,,,,,,,35.92814371,13.23738333,49.16552704
,,,,,,,,86.19616052,25.54352866,111.7396892
41.45025,,,,,,,,79.86945096,938.2576507,1018.127102
368.1591111,,,,,,264.450858,,4566.959805,6246.558811,10813.51862
415.3911,,,,,,278.117884,,10326.3587,9236.807065,19563.16576
271.1388182,,,,,,227.520765,,6813.40323,8071.593609,14884.99684
281.6291111,,,,,,219.105435,,7463.267682,6269.434343,13732.70202
447.7261667,,,,,,218.0817446,,391.3424978,9634.505703,10025.8482
342.1312857,,,,,,220.3901355,,379.6193286,9796.132824,10175.75215
230.3562727,,,,,,226.242237,,357.8512755,13555.45771,13913.30898
242.99425,,,,,,205.009245,,402.1189295,13550.79919,13952.91812
178.473,,,,,,280.84033,,1734.057774,14662.33318,16396.39095
273.0006667,,,,,,266.121383,,229.8286663,6573.240029,6803.068695
363.6414286,,,,,,242.47558,,268.3740608,17333.60915,17601.98321
306.1556,,,,,,266.4578425,,381.9595416,15565.05398,15947.01352
748.1018,,,,,,209.34438,,243.815452,14642.19117,14886.00663
330.8865714,,,,,,214.38625,,349.7757273,17112.89248,17462.6682
477.7115,,,,,,254.308924,,12048.44872,9858.585859,21907.03458
,,,,,,,,33.83225984,15.25431499,49.08657483
434.0887,,,,,,257.558032,,8148.88257,6446.959493,14595.84206
468.1175556,,,,,,272.23858,,4512.590232,6339.598271,10852.1885
467.1132,,,,,,258.994512,,2269.035915,8834.244583,11103.2805
438.5823,,,,,,271.303731,,2511.826641,12791.58913,15303.41577
355.1809,,,,,,240.658784,,3696.974283,7167.200251,10864.17453
309.155,,,,,,259.568586,,2535.27784,8276.291226,10811.56907
360.5158,,,,,,266.563627,,4455.138107,7939.455426,12394.59353
,,,,,,,,21.31563656,19.02198844,40.337625
388.6717,,,,,,275.641241,,399.6904378,9296.469215,9696.159653
,,,,,,,,42.47914564,11.2640136,53.74315924
341.399,,,,,,245.496829,,29101.90589,8837.425503,37939.33139
404.0685,,,,,,217.6711783,,137.4041184,13227.30902,13364.71314
326.7284,,,,,,190.332055,,106.2409088,12420.68297,12526.92388
312.4015,,,,,,241.537114,,2127.69326,6752.458158,8880.151418
,,,,,,,,335.4789667,4174.507424,4509.986391
,,,,,,,,41.91739207,17.24893381,59.16632587
445.7632,,,,,,244.979153,,7739.094454,6958.411648,14697.5061
30.1,,,,,,,,285.0885598,12728.31175,13013.40031
,,,,,,,,37.71502162,13.21996925,50.93499087
288.0262222,,,,,,292.574267,,4446.973848,6504.009963,10950.98381
374.231,,,,,,237.911286,,3635.557887,6597.509457,10233.06734
326.266,,,,,,211.5537145,,479.0724202,15869.67737,16348.74979
461.8948889,,,,,,271.958803,,11098.81837,6193.386349,17292.20472
298.3292,,,,,,167.4919475,,6653.883996,10477.00759,17130.89159
475.09675,,,,,,232.078945,,128.4360847,12577.48931,12705.92539
316.7444444,,,,,,224.3988789,,188.9014908,16948.56588,17137.46738
398.2161429,,,,,,220.63366,,373.0004323,16816.67477,17189.67521
40.9495,,,,,,,,480.283792,18049.53713,18529.82092
42.956,,,,,,,,491.9483234,13841.5187,14333.46702
346.0655,,,,,,209.174919,,279.0229814,16593.61655,16872.63953
25.529,,,,,,,,275.172522,11788.26851,12063.44103
,,,,,,,,40.88019831,16.70105663,57.58125493
320.9655,,,,,,239.405029,,577.8591829,11289.13448,11866.99367
344.9567,,,,,,256.187164,,275.2697701,9207.931502,9483.201272
343.785,,,,,,239.715611,,8362.886449,8626.255096,16989.14154
461.8857,,,,,,246.355292,,606.5599422,11119.35484,11725.91478
30.0845,,,,,,,,501.6298346,12142.29454,12643.92438
438.2757,,,,,,252.238755,,69.80400896,7068.516386,7138.320395
348.5292,,,,,,206.85366,,265.3085594,5968.654471,6233.96303
377.1038,,,,,,213.213421,,5571.292877,8377.165382,13948.45826
466.8491111,,,,,,272.131789,,5777.465913,9736.599179,15514.06509
379.3218,,,,,,241.239306,,12268.55976,6169.052936,18437.6127
,,,,,,,,361.8006191,5620.327906,5982.128526
286.8263333,,,,,,241.963766,,107.3162608,6299.183951,6406.500211
31.6345,,,,,,,,139.4036471,11438.03598,11577.43963
,,,,,,,,174.0468416,522.3049637,696.3518053
41.723,,,,,,,,647.8371024,17688.37384,18336.21094
387.0618571,,,,,,206.1931935,,227.8176175,12991.31703,13219.13465
284.4754444,,,,,,267.974338,,4397.254524,6470.8787,10868.13322
301.9535,,,,,,240.087838,,9750.98094,5452.562414,15203.54335
396.2097778,,,,,,224.078942,,1958.164172,7708.110121,9666.274293
320.7494444,,,,,,239.95255,,5044.956703,6600.191102,11645.14781
330.4124,,,,,,239.278079,,31619.72548,7150.185167,38769.91065
63.6315,,,,,,,,1044.360664,12937.44926,13981.80993
390.4526667,,,,,,251.785441,,10582.16858,6109.73268,16691.90127
39.344,,,,,,,,220.647197,13502.28939,13722.93659
330.34,,,,,,269.544952,,4476.940886,7046.999553,11523.94044
321.1176667,,,,,,290.273186,,9481.156376,6872.721134,16353.87751
350.1107,,,,,,239.787174,,8036.995252,6509.530861,14546.52611
345.9296364,,,,,,261.032889,,5606.542915,7397.942448,13004.48536
439.6896667,,,,,,256.3399933,,223.0002615,8122.0763,8345.076561
309.1798,,,,,,234.074009,,189.872491,6874.83375,7064.706241
424.7780833,,,,,,260.388,,4319.383772,10425.68188,14745.06565
,,,,,,,,25.02587511,16.59987792,41.62575303
381.0788,,,,,,217.14794,,16896.00639,7439.916794,24335.92319
333.8278,,,,,,183.0810725,,100.7425193,4509.532696,4610.275215
,,,,,,,,37.55390741,14.85872759,52.41263501
,,,,,,,,34.8755962,13.18467661,48.06027281
,,,,,,,,26.14252249,8.330676573,34.47319906
,,,,,,,,76.32832241,619.9536557,696.2819781
,,,,,,,,41.91649858,13.84322069,55.75971927
271.2111111,,,,,,242.044839,,902.942733,6773.898167,7676.8409
303.6862727,,,,,,252.611665,,3951.29423,7637.278323,11588.57255
530.0375556,,,,,,260.986244,,4362.113066,14733.96148,19096.07454
349.4418,,,,,,258.301485,,2975.584691,8672.177615,11647.76231
274.2333333,,,,,,246.507101,,10783.65373,6335.666788,17119.32052
450.7424167,,,,,,250.225068,,3060.982211,4673.943637,7734.925847
253.6046667,,,,,,190.846565,,2140.589278,13342.91916,15483.50844
278.8115714,,,,,,241.2254633,,398.4602937,15939.02469,16337.48498
426.2718571,,,,,,214.3160933,,334.3492991,15681.65846,16016.00776
359.7404286,,,,,,251.4555929,,424.1186644,11215.65784,11639.77651
40.287,,,,,,,,406.0795392,12277.66727,12683.74681
339.1609,,,,,,293.257945,,13885.49927,8148.580968,22034.08024
371.0012,,,,,,248.871471,,9868.288549,9896.20278,19764.49133
29.7795,,,,,,,,997.3707773,13405.32666,14402.69744
492.5748571,,,,,,226.7178635,,276.4819928,12388.75507,12665.23706
364.7219,,,,,,236.19059,,7212.586233,6295.2456,13507.83183
190.651,,,,,,200.166155,,372.1831577,14503.40781,14875.59097
326.81425,,,,,,219.168015,,3842.376064,12882.30632,16724.68239
411.694,,,,,,203.8018925,,299.8826821,13407.53155,13707.41424
438.3141429,,,,,,240.8732217,,326.0532983,2864.818898,3190.872197
443.9083333,,,,,,265.156775,,9174.365038,5885.411278,15059.77632
384.8208889,,,,,,250.954958,,14389.05398,8366.579641,22755.63362
408.3794545,,,,,,295.406847,,7245.599287,3897.130597,11142.72988
332.3879,,,,,,231.288584,,15385.60408,6291.08436,21676.68844
401.8993,,,,,,252.409072,,5246.255007,5303.246047,10549.50105
35.679,,,,,,,,206.2233226,9538.924781,9745.148104
,,,,,,,,28.72858494,12.82275864,41.55134359
,,,,,,,,41.05888709,17.19571491,58.25460199
60.447,,,,,,,,141.8639393,941.6455987,1083.509538
325.6634444,,,,,,212.136317,,3734.301697,8834.324949,12568.62665
353.1528571,,,,,,235.8397802,,220.2849547,12504.28464,12724.5696
336.6996667,,,,,,200.811595,,161.4531601,4040.737465,4202.190625
494.8024,,,,,,234.720655,,350.9932074,7605.452047,7956.445255
251.84125,,,,,,219.850935,,598.7282561,15137.43605,15736.1643
,,,,,,,,36.20732198,10.18168595,46.38900793
463.4742,,,,,,224.339296,,5441.235071,5657.671976,11098.90705
,,,,,,,,42.7819323,19.03527217,61.81720447
24.47,,,,,,,,142.5043918,14088.52471,14231.0291
,,,,,,,,34.52550818,17.870927,52.39643517
447.8141111,,,,,,285.040424,,4725.368724,6475.679098,11201.04782
535.1011,,,,,,243.438965,,20373.71769,6650.5656,27024.28329
237.7594545,,,,,,268.679777,,2994.896999,7531.454564,10526.35156
270.8785556,,,,,,288.38906,,4069.919216,7419.94784,11489.86706
284.6236667,,,,,,221.84364,,401.7417598,15061.16151,15462.90327
