dbreadtime,dbwritetime,tps,committime,consensus_clique_cost,delay,contracttime,queuetime,peer_message_sent,peer_message_recieved,peer_message_tps
546.0101,,,,,,222.18770100000037,,188.99149372786547,8943.749379406216,9132.740873134082
421.832875,1449.41175,31.25,6965.125,90.19565426437498,12163.45,242.22590396825385,11460.75024975025,97.93221438895608,62.505530810300584,160.43774519925665
415.25194736842104,,,,,,249.32530334316635,,300.19356510341254,14861.10560729146,15161.299172394873
505.95454545454544,1261.039875,31.25,6915.5,71.20634631575,10639.684955752213,223.4023895671475,10362.699300699302,7890.797585932035,12139.085452149724,20029.88303808176
,,,,,,,,135.47737466817196,72.01049644524456,207.48787111341653
747.984,1391.2815,31.249023468016627,6890.125,69.36056161575002,11996.16402116402,229.01314858223037,11611.114885114885,110.83123425692696,70.79884850665707,181.63008276358403
469.53210000000007,,,,,,217.64652099999967,,205.2758411361086,10182.281414985007,10387.557256121116
693.413,1235.08225,31.25,6995.25,7.121857404375,12132.37125748503,235.30413040123443,11856.975024975023,115.43402136233262,62.309736226222526,177.74375758855513
472.6235,,,,,,283.0699692460313,,435.3498158863756,11942.947320958894,12378.297136845267
463.6710909090907,1982.7178750000005,31.25,6937.625,73.508953952375,11746.023961661342,271.8039740108611,11558.271728271728,7478.004923472118,3746.349444198101,11224.35436767022
,,,,,,,,140.54073046044658,75.71631853556559,216.25704899601217
593.4427499999999,4383.915625,31.25,6947.125,72.29250728750002,12496.696132596686,250.48800269957616,11900.58041958042,132.52421440524688,76.52259165976436,209.04680606501125
336.8013636363636,,,,,,242.4609470000002,,201.3056138263565,8305.159835937255,8506.465449763611
539.5516250000001,1443.582,31.249023468016627,6888.875,76.094498350875,12002.53016453382,261.6906291913217,11957.094905094906,131.4206928921353,53.316319047199976,184.73701193933528
424.9368571428572,,,,,,262.43862931885513,,437.78379122139154,14871.531440627436,15309.315231848828
547.651105263158,1349.779125,31.25,6953.75,118.525857746875,12743.422764227642,285.3504214827789,12416.000999000998,7599.141776123535,7851.394998308161,15450.536774431695
,,,,,,,,106.17368766199294,56.84976423195828,163.02345189395123
1195.5152500000002,1585.595375,31.25,6903.875,76.85743268212501,11673.83653846154,251.92906965761512,11162.912087912087,107.8582434514638,63.109912686183876,170.96815613764767
448.2311000000001,,,,,,239.6901279999998,,170.99810515613206,8678.816261765747,8849.81436692188
461.644625,1889.80475,31.25,6969.625,80.47200435737498,11873.401886792451,274.4549332000005,11295.243756243755,100.85170494726808,64.12385081327061,164.9755557605387
440.42936842105263,,,,,,221.5850085,,303.98506971127455,24941.376660445712,25245.361730156987
1056.6055714285717,3398.47,41.664930627890506,6801.142857142857,104.25985222957142,8946.055009823183,222.41126887661108,8580.161838161837,8453.159311468442,4036.799603315152,12489.958914783594
,,,,,,,,106.73877463886714,60.62762399487654,167.36639863374367
710.5539999999999,1476.551875,31.249023468016627,6900.0,79.2011080065,9820.725252525252,235.5920546551072,9549.203796203796,124.68121280816096,71.31387550769811,195.99508831585908
319.2181,,,,,,232.9223910000001,,183.3867578718118,8360.546617383168,8543.933375254981
394.416,1402.54,31.25,6972.875,69.239572825625,10961.248148148148,235.2608429996298,10454.45954045954,126.01507898882076,61.92172995457952,187.93680894340028
432.32957142857146,,,,,,250.95775850000055,,390.92132631836535,15836.611403401444,16227.53272971981
589.954625,1557.7207142857144,41.666666666666664,6799.0,6.992696041,9316.646234676007,252.71469553706524,9370.184815184815,8631.296412275207,4130.679073096538,12761.975485371746
,,,,,,,,130.96933680402077,81.20098881849287,212.1703256225136
561.3041428571429,1463.8955714285714,41.666666666666664,6773.857142857143,85.56709172914285,8467.943781942078,211.1590548618991,7975.817182817183,103.16600007475796,54.330355474152434,157.4963555489104
286.7970909090909,,,,,,250.34907288629765,,319.79094296722036,16472.494157771744,16792.28510073896
569.4997500000001,1877.757625,31.25097659301853,6965.625,78.682839601375,10883.387190684134,233.34863093082205,10592.973026973026,150.0744854983172,71.87390800581171,221.9483935041289
521.0852,,,,,,226.98760500000017,,220.78967132792104,12610.171310038982,12830.960981366905
655.19325,1964.119625,31.249023468016627,6923.125,63.04978445612499,10448.330960854091,250.26506868764403,9650.611388611387,7544.888779345616,3509.335140797338,11054.223920142957
,,,,,,,,117.13650636841548,70.05257029954487,187.1890766679603
971.641125,1777.161875,31.25,6894.25,84.866376719875,13439.798771121352,273.00999021276596,12666.9010989011,97.41661014859116,64.53850422344165,161.9551143720328
673.9068888888888,,,,,,242.24148899999983,,203.4334128789981,10687.866511275137,10891.299924154133
1059.311,1727.3780000000002,41.666666666666664,6786.142857142857,6.931732351714286,9797.173529411764,249.95578846153788,9616.16983016983,92.56759362826398,49.73579665985266,142.30339028811665
515.5781578947368,,,,,,255.90670542256964,7692.468085106383,247.09882873643872,20452.546733596013,20699.64556233245
484.45542857142857,2410.8154285714286,41.666666666666664,6850.285714285715,139.76442228214287,8852.714285714286,201.18587954830627,8382.539460539461,8098.232427669789,2326.4884109830437,10424.720838652833
,,,,,,,,136.31366801026016,72.66397947966288,208.97764748992304
848.5397142857144,1728.3684285714287,41.666666666666664,6834.285714285715,88.70093526314285,9503.10701754386,234.1053423534235,9269.041958041958,121.1799901541258,49.15363350626728,170.33362366039307
331.79033333333336,,,,,,243.33727400000015,,187.16504854368932,11605.57281553398,11792.73786407767
669.9225714285715,1755.971142857143,41.664930627890506,6723.571428571428,6.893174531,8477.519337016574,217.73175543478263,8462.368631368632,110.19283746556474,66.21270321654444,176.40554068210918
387.7088888888889,,,,,,249.1707980000002,,254.67658723195171,21626.557400063175,21881.233987295123
1040.891,2293.5694285714285,41.666666666666664,6759.571428571428,6.907150912999998,9453.80316344464,249.41866800584367,9131.692307692309,8135.778950996934,2068.1797565267875,10203.95870752372
,,,,,,,,105.13684932289584,61.86313163057349,166.99998095346933
615.7061428571427,1373.6402857142857,41.666666666666664,6771.857142857143,89.52425585757142,9532.760667903523,254.8125805714286,9456.505494505494,125.14220705346985,72.66780432309443,197.8100113765643
627.279,,,,,,273.82915499999984,,174.85857027404305,8259.113951950629,8433.97252222467
664.6105714285713,1807.8954285714285,41.666666666666664,6776.428571428572,104.09447945628573,8187.324427480916,217.76842505677516,7862.95004995005,95.71315503690478,61.91904875848994,157.63220379539473
456.34931578947374,,,,,,238.3454509999997,,231.5618320331768,24040.977766410288,24272.539598443465
795.382857142857,1914.4002857142857,41.66840285011876,6812.428571428572,85.98338055271431,10802.247023809525,271.3575049770296,9992.928071928072,7995.749529735204,2150.9730863840255,10146.72261611923
,,,,,,,,124.36984936758536,67.3166903130377,191.68653968062307
911.741,1190.202142857143,41.666666666666664,6770.571428571428,75.34795521628571,10076.271367521367,238.4965598068343,9617.895104895106,114.98912763056056,68.64334942689713,183.63247705745772
348.19599999999997,,,,,,234.5725190000003,,169.9427573493742,11773.862423595614,11943.805180944988
804.5082857142858,1224.9832857142858,41.666666666666664,6759.857142857143,79.45045728814286,9284.34393638171,234.395378121702,9071.907092907091,108.38380618425246,54.05243863563915,162.4362448198916
313.6265263157895,,,,,,267.8979885,8269.59,379.7461537080588,15576.28853024074,15956.0346839488
822.893125,2056.227142857143,41.666666666666664,6849.571428571428,75.78272474371428,8346.330783938814,236.95871032745617,8121.244755244756,8159.890237997023,131.9475581541331,8291.837796151156
,,,,,,,,117.27410990782988,60.909240833379144,178.183350741209
594.4671428571428,1348.5760000000002,41.666666666666664,6791.142857142857,105.38956999185712,8289.3708086785,226.11539038817037,8085.200799200799,110.71312276131552,60.505535656138065,171.2186584174536
500.3037777777777,,,,,,241.54473600000003,,205.98534201954396,12478.96986970684,12684.955211726385
635.5092857142856,1340.690857142857,41.664930627890506,,7.075187677714285,8318.343079922028,235.23317396184092,8167.87012987013,98.94772895933627,64.3540806423991,163.3018096017354
484.55544444444433,,,,,,240.326025035428,,465.3494544382188,16860.82536818915,17326.17482262737
411.3794374999999,1444.8544285714286,41.666666666666664,6846.714285714285,104.9055506492857,9435.282149712091,260.4459301310043,9064.702297702295,8780.72098623441,4505.283398627035,13286.004384861446
,,,,,,,,108.63837204588756,66.27751428918886,174.9158863350764
565.1848571428571,1641.5175714285715,41.664930627890506,6795.0,113.23117214442856,7161.024761904762,214.77353607060624,7033.904095904096,89.34887010908008,49.6816946502364,139.0305647593165
379.0057777777777,,,,,,234.70077599999985,,164.14860356662533,10459.76630045587,10623.914904022497
633.1558571428571,2040.312857142857,41.66840285011876,6812.428571428572,7.091259076,7359.2026022304835,212.1965111196318,7124.286713286713,113.7250976073681,59.145059565522075,172.87015717289017
317.1620909090909,,,,,,241.96832700000007,,195.5934688913926,19147.32550029508,19342.91896918647
505.0145999999999,1884.7927142857145,41.666666666666664,6730.714285714285,80.20371819385714,8236.19741697417,240.39046794360215,8086.951048951048,8600.287754449537,11039.006714270488,19639.294468720025
,,,,,,,,116.9244138966246,63.6961545298335,180.6205684264581
908.1252857142856,1776.0371428571427,41.66840285011876,6719.142857142857,93.15782880842858,8073.227848101265,210.23814492216465,7921.912087912088,115.45362352757626,65.02067243934785,180.4742959669241
363.4316666666666,,,,,,280.4391039999999,,159.8267575133365,10516.8752971003,10676.702054613635
730.5981428571429,1725.2485714285715,41.664930627890506,6852.714285714285,99.99312032228572,9535.238921001926,247.6123354305938,9301.524475524477,105.879834173495,68.31584888767784,174.19568306117284
401.9786666666667,,,,,,309.3891864324068,8268.530612244898,334.33082786178244,21943.424457392313,22277.755285254098
529.065888888889,1323.5498571428573,41.664930627890506,6787.857142857143,107.38291835228571,7915.247126436781,238.93766862170088,7666.62037962038,8708.828614653123,8505.38505871335,17214.213673366474
,,,,,,,,139.97264902260477,77.68884241010377,217.66149143270857
646.3199999999999,1358.7134285714287,41.666666666666664,6720.714285714285,108.00454182142856,8461.260536398468,239.5042987227028,8489.47852147852,93.87201845070707,50.77990653260232,144.6519249833094
479.0442499999999,,,,,,248.90493299999963,,168.8894823816121,10223.2218865279,10392.111368909513
706.5774285714285,1918.082142857143,41.664930627890506,6801.142857142857,109.92969273128573,7279.5727109515265,212.4230026676833,7032.87012987013,105.7641459545214,63.51514693661706,169.27929289113848
355.6596923076923,,,,,,275.19111099999986,,223.1177648185221,15015.23196100618,15238.349725824704
457.26358823529415,1453.851,41.66840285011876,6751.142857142857,82.78364612114287,8175.402277039848,272.2081007076756,7790.999039385207,8789.5995540611,7499.631381151889,16289.23093521299
,,,,,,,,93.34889148191364,62.314479313803766,155.6633707957174
552.2962857142858,1324.7795714285712,41.666666666666664,6775.714285714285,106.73132092442856,7502.88679245283,240.00785094549465,7465.622377622378,124.35710447532048,83.15421816227834,207.5113226375988
394.7363749999999,,,,,,224.28579599999995,,177.57288513621157,12363.987573681696,12541.560458817909
914.8382857142856,1236.157428571429,41.664930627890506,6850.285714285715,7.037467642714286,8308.676056338029,240.54256145484965,8013.416583416583,112.89017667312648,62.95508852471354,175.84526519784004
271.4447,,,,,,238.8777006548175,7766.086956521739,228.60057995918805,10529.445458776358,10758.046038735543
541.208125,1730.1145714285717,41.666666666666664,6847.142857142857,79.460175267,9770.015355086372,258.29864362795473,9112.399436090223,8732.57498145335,6958.261207475183,15690.836188928532
,,,,,,,,120.7670338637291,81.06895144838842,201.83598531211751
741.1618571428571,1495.934142857143,41.666666666666664,6775.285714285715,90.84812664385716,7309.677419354839,228.34140054284623,6940.302697302697,106.74951703809924,72.95214196092489,179.70165899902412
224.093,,,,,,207.15994214876025,,157.58317071121112,5284.652517763938,5442.235688475149
272.21459999999996,240.1781428571429,,7272.0,14.752647657285715,,239.195841,,447.5065175342696,4262.231940122782,4709.738457657051
132.77680434782607,,,,,,250.76711950000023,,234.90242903335457,8674.507787374605,8909.41021640796
189.39632692307688,248.2497142857143,,7285.0,14.75441415057143,,227.35732230037252,,528.623691182036,15431.9751061772,15960.598797359236
232.2055223880597,,,,,,218.25656325000008,,266.49741749102685,16258.373457060316,16524.870874551343
185.2910298507463,162.61685714285713,,6867.0,14.69480095642857,,258.04168050000004,,1612.2495407896731,11756.21408469692,13368.463625486596
221.41118749999995,,,,,,240.54519300000015,,149.57202835472478,4846.528769442568,4996.100797797293
208.55807142857145,509.0372857142856,,6354.0,14.621554337428572,,256.9615909999998,,446.0888135832539,4447.906738677681,4893.995552260934
172.7003846153846,,,,,,252.86498200000003,,219.33345576339516,7943.227431329853,8162.560887093248
128.05557812499998,187.1292857142857,,6913.0,14.701566202714286,,244.53453900000028,,570.7349669692022,12887.737580673813,13458.472547643014
194.27556250000004,,,,,,240.29158074999933,,257.73265594224705,13962.7209481221,14220.453604064349
259.5146363636364,218.88671428571428,,6920.0,14.702156207857142,,241.3633287500003,,606.0538462858417,15339.48212845548,15945.535974741322
270.18246666666664,,,,,,258.05311500000005,47525.40243902439,166.1045070011669,4154.782307467911,4320.886814469078
205.47442857142852,245.18971428571427,,6745.0,14.677509010857143,,223.06025100000025,,433.966735419318,4399.508491683855,4833.475227103173
137.77647619047616,,,,,,250.2599394999999,,211.55599985969343,7065.996702795608,7277.552702655302
146.3958656716418,213.76985714285715,,7260.0,14.751024599,,249.4725919999999,,529.730638315754,12837.719040215154,13367.449678530907
141.30454285714285,,,,,,283.7063536666668,,485.0419830056815,10716.803258082356,11201.845241088038
212.71018840579703,189.30471428571428,,6634.0,14.661562023571426,,229.15686175000008,,660.9076865266586,13963.458728236816,14624.366414763475
17.678,,,,,,,,146.27762501273045,3139.780018331806,3286.057643344536
232.40642857142865,182.29514285714285,,7286.0,14.75468953514286,,248.530358,,455.979804354686,4413.195540128327,4869.175344483013
168.80376923076926,,,,,,239.6192320000004,,295.0778198303953,10449.634681940535,10744.712501770931
134.60198305084748,207.7214285714286,,6388.0,14.626542855285717,,281.131410760476,,486.3168732686698,13013.22961013916,13499.54648340783
143.0306031746031,,,,,,233.8848176666668,,293.0963713374962,16218.715339941487,16511.811711278984
26.372,285.188,,6545.0,6.544388763,,,,156.3091127954813,99.01054274640528,255.3196555418866
271.97408333333334,,,,,,215.8335809999999,,391.21879620076794,7513.438773013965,7904.657569214733
193.2115333333333,236.92471428571432,,7113.0,14.72993303457143,,237.7269750000001,,202.08192818079132,3848.999260517313,4051.081188698104
143.2064000000001,,,,,,224.34274399999995,,241.63119291724124,7051.342006914883,7292.973199832124
222.6200196078432,169.41442857142857,,6496.0,14.641888449428572,,256.39733257477184,41445.29761904762,498.1590005770903,12833.212767513878,13331.371768090969
199.75907936507943,,,,,,278.5053425000005,,465.98499505379544,15821.05244727696,16287.037442330757
229.6970689655172,213.45166666666668,,6804.0,14.4670990195,,229.23990224999943,,1176.3221956103498,24544.583611449212,25720.905807059564
23.814,,,,,,,,125.81802164611123,3167.9461364208405,3293.764158066952
232.2304,227.91414285714288,,6485.0,14.64045879742857,,249.81412800000015,,463.11392516378663,4442.738425009893,4905.85235017368
182.56921621621623,,,,,,221.74283500000016,,238.67840794630655,9393.156682257437,9631.835090203744
339.39493333333337,157.4651428571429,,6391.0,14.627010412,,268.4778309999998,,473.6565430465822,9093.478150277257,9567.134693323836
203.67872463768109,,,,,,221.7682677500002,,328.1500912636272,20751.603347330416,21079.75343859404
226.15581355932204,187.37166666666667,,6423.0,14.403481876333332,,224.5111377499992,,708.4565817124304,16590.516597448386,17298.973179160814
173.7699285714286,,,,,,212.17541000000017,,159.38239457164158,8909.282449676395,9068.664844248036
233.2062666666667,214.7088571428571,,7112.0,14.729719859,,263.03860199999986,,419.6575595658164,4251.42823537319,4671.085794939006
188.2055714285714,,,,,,239.25865300000024,,241.63155608095136,8008.9721439180385,8250.60369999899
179.1054,215.9945,,6475.0,14.41203914083333,,257.6760032310173,,539.7274113795548,11934.30089664753,12474.028308027084
247.8079655172414,,,,,,246.1966142857145,16122.9,254.79331843552615,12910.715196783707,13165.508515219231
201.61369491525423,187.41683333333333,,6652.0,14.4416490715,,249.1228852500005,,972.4079686025136,15701.833176014705,16674.24114461722
363.4193846153846,,,,,,236.9743220000001,,157.22239406124342,6000.597999793793,6157.820393855037
395.3336923076923,223.25566666666668,,6906.0,14.484059066,,249.39047700000003,,508.64034865453806,5104.474737748948,5613.115086403486
237.10800000000003,,,,,,229.83428300000017,,256.4099968620623,10224.90915164337,10481.31914850543
221.48569565217392,214.47833333333332,,6821.0,14.469863309333334,,241.2200907903333,,512.3144172074484,11731.740193718588,12244.054610926036
235.25208064516124,,,,,,254.9712350000011,,312.27318045862415,19723.33998005982,20035.61316051845
159.06060655737704,160.01716666666667,,,14.422290060833332,,244.20364187499987,15565.48,2079.17315903434,15819.373899670154,17898.547058704495
253.40116666666663,,,,,,176.2528305647841,,154.93828454074898,5023.062092667491,5178.00037720824
193.73861538461537,226.1805,,6667.0,14.444102682833334,,245.7171949999997,,468.9479454279682,5071.575036543772,5540.52298197174
218.07005128205137,,,,,,248.3275060386479,15753.47435897436,260.07500506791,15056.973444151632,15317.04844921954
88.53618918918916,229.82414285714285,,7267.0,14.751732251714284,,259.3622089999998,,501.9034836705581,10446.951471717864,10948.85495538842
210.8652394366197,,,,,,239.53560025000036,,546.6615780170335,22626.807809738068,23173.469387755104
213.265703125,194.2011666666667,,6976.0,14.495644409333332,,243.49804200000057,,1325.3098259806602,18970.632372963893,20295.942198944555
55.237,,,,,,,,118.76208114481182,3051.158271852324,3169.920352997136
355.63000000000005,240.51133333333337,,6950.0,14.491234868833333,,248.103933,,494.0055988315482,5074.072947095099,5568.078545926647
100.49835294117644,,,,,,245.46646699999977,,259.79259741713565,6756.398644454169,7016.191241871305
133.71817307692305,180.56066666666663,,6969.0,14.494426124,,230.92625750000013,,575.0320361502664,14859.773193691046,15434.805229841311
234.78423728813567,,,,,,244.69279975000012,,572.6996681025352,22033.512564689743,22606.212232792277
211.46210000000008,253.31599999999997,,6532.0,14.4214338495,,255.91530019445753,15958.631578947368,769.1322672366856,15828.752344269898,16597.884611506583
300.4248,,,,,,240.88812600000023,,126.04432642222449,8513.75753242774,8639.801858849964
302.7886923076923,588.9764999999999,,6854.0,14.474756213500005,,258.2262710000003,,477.8673131762765,5012.032630187892,5489.899943364168
243.75682222222216,,,,,,295.48103582956776,3882.958762886598,309.1724266766299,15885.868229325417,16195.040656002046
204.0276379310344,239.68833333333336,,6960.0,14.492856845666669,,256.3151517499999,,623.2803526111927,21219.895437806485,21843.175790417677
192.93682758620687,,,,,,245.8863362151777,16068.036585365851,363.5096789829242,19614.96127397025,19978.470952953176
205.09684482758615,330.3625,,6623.0,14.436616819499998,,230.3872292499994,2390.883435582822,709.7113072991374,21235.84314834643,21945.554455645568
276.6808461538462,,,,,,229.72072410358564,,401.6040808800934,4994.837440845677,5396.44152172577
187.4067692307692,244.66816666666668,,6869.0,14.477736710666669,,238.30287700000017,,451.0400509088017,4991.011414707871,5442.051465616672
295.0147073170731,,,,,,280.67571199999946,,244.46241401899772,12317.095889289223,12561.558303308222
208.3670434782609,232.42383333333336,,6369.0,14.3942975195,,238.31671366666703,,823.1112660642862,19560.21383538162,20383.325101445906
292.73525,,,,,,235.38593400000016,,539.1017982108255,16266.187411520195,16805.28920973102
200.59325,178.35133333333332,,7035.0,14.505343534166668,,255.35973584452975,15924.083333333334,775.4754526824343,15645.209832787175,16420.68528546961
215.7666153846153,,,,,,232.4824570000002,,410.4330914490056,5050.293816265501,5460.7269077145065
193.1652307692308,262.7076666666667,,6620.0,14.4360234745,,259.7867379999995,,500.7586326283311,5138.346079040355,5639.104711668686
114.02547058823528,,,,,,267.950045808967,15684.153846153846,206.3800559654032,8295.487153396083,8501.867209361486
241.02169999999995,198.87016666666668,,6773.0,14.461801768,,232.2912245817249,,706.1984744587411,17486.53594267663,18192.734417135372
220.07008928571435,,,,,,256.3261557499998,,277.04273016390766,15669.717850444424,15946.760580608334
202.7271724137931,189.82083333333333,,,14.437638357833334,,229.9841285000003,,2790.9572759396083,18340.377047863796,21131.334323803407
27.476,,,,,,,,153.45679552212698,3367.0303480846596,3520.487143606787
306.75969230769226,253.4616666666667,,7054.0,14.508521246666668,,223.391307,,477.7466234894558,4918.006081668114,5395.752705157571
176.99952083333332,,,,,,234.57859833333328,,562.0797297988844,12957.924364157412,13520.004093956297
290.3051875000001,269.1238333333334,,6651.0,14.441294159500002,,240.87622160407943,23.735294117647054,661.0271609737136,16399.36834944852,17060.395510422233
242.90201724137927,,,,,,248.50975369094445,15756.125,323.56580257717957,12067.30643490157,12390.87223747875
212.81636065573764,215.81766666666667,,7265.0,14.543682605666666,,245.37501875,,787.4225944744363,16891.086456017783,17678.50905049222
281.26892307692304,,,,,,210.163569,,148.27214377406932,4912.08215661104,5060.354300385109
201.8436153846154,239.24283333333332,,7190.0,14.531158406833336,,202.04134999999985,,483.65841569725063,4812.628162142725,5296.2865778399755
209.9534146341464,,,,,,269.40099687890125,15386.666666666666,236.60466197168867,12554.263370078104,12790.868032049792
178.4878070175439,163.07366666666667,,,14.412823661,,257.5427356666671,31195.456521739132,586.8660307972948,17718.360970687263,18305.227001484556
124.50827777777776,,,,,,196.58614349999988,,290.6188030711344,13407.90156099049,13698.520364061626
213.71716071428568,198.355,,6705.0,14.450280282833331,,265.77063500000094,,929.7440873494272,18908.073353132015,19837.81744048144
140.92744444444443,,,,,,243.6763799999997,74198.877,261.7202748067765,2593.7719572175815,2855.4922320243577
158.55720430107527,,,,,,229.4457669724765,7665.757352941177,754.8067780324488,5083.784568265756,5838.591346298205
110.5116212121212,,,,,,255.5706437499998,,159.3750995571697,4644.899487081461,4804.274586638631
199.54900000000004,,,,,,192.0985999999999,,315.32534800906444,2017.4036905147295,2332.7290385237943
206.14614285714285,,,,,,226.74568432203392,,186.88246758749256,5953.325989322939,6140.208456910431
115.89452054794518,,,,,,233.09152244258885,,209.5580713360158,5001.091181886381,5210.6492532223965
123.70917857142854,,,,,,248.25582600000007,,186.7716427885014,2156.771496446324,2343.5431392348255
25.725422222222218,,,,,,277.5994999999999,3823.0,316.07185980827586,1564.431284845812,1880.503144654088
177.73687878787877,,,,,,212.09482733604145,8359.943609022557,604.8271813818584,7467.649597734885,8072.476779116743
137.7676206896552,,,,,,260.8599647913566,70280.0929250264,254.58741446397423,2788.2570776868374,3042.8444921508117
103.15594117647058,,,,,,305.369858629131,8289.915,490.3680501174628,3095.112242234404,3585.4802923518664
128.90448780487802,,,,,,249.14835048372865,7047.6640625,615.0323120420056,8008.496336045237,8623.528648087242
89.75141463414636,,,,,,255.43898099999973,,125.8150321211481,1972.7714453076237,2098.5864774287716
90.2527821782178,,,,,,229.26521799999972,,174.39333574791743,3305.0796812749004,3479.4730170228177
176.1537920792079,,,,,,288.59675991766545,7660.421212121212,1085.4707970811949,10497.029455667822,11582.500252749018
62.46704,,,,,,222.4993505976096,,219.59938716450097,2524.7750729791246,2744.3744601436256
74.8463644859813,,,,,,259.1938045000004,,213.3261583063058,4240.8627485201505,4454.188906826456
215.79008000000005,,,,,,239.41182175999984,8521.303595206391,1183.4627737226278,7506.096350364964,8689.559124087591
194.76908000000003,,,,,,248.20186829366645,62753.074,289.29244920519506,3108.3819556517165,3397.6744048569117
158.99165714285715,,,,,,261.7977760000002,,160.28991800130262,4432.572354247733,4592.862272249035
173.83855395683443,,,,,,274.6939532871976,22998.696732026143,988.4528389879912,5871.078465663985,6859.531304651976
178.46773684210527,,,,,,232.8398582230623,,144.796001239147,3248.3987374096805,3393.1947386488273
151.49924,,,,,,279.7604180000008,,176.2191486824848,4870.668892333373,5046.888041015858
22.33924561403508,,,,,,,,238.29801031050397,2120.15952100468,2358.4575313151836
128.72411999999997,,,,,,202.2481780000003,,145.54001728813157,2239.274845768552,2384.814863056684
138.3706,,,,,,224.49725666666737,,165.13364666532107,5534.321386349875,5699.455033015196
114.09481428571424,,,,,,259.37964041745704,,225.25113800281585,5360.317172397709,5585.568310400525
159.15937499999998,,,,,,245.3661307569083,64154.702,275.15747426640036,3102.5148610799247,3377.6723353463253
176.14624528301883,,,,,,239.4492919621746,,205.7346858988868,5089.075906911665,5294.8105928105515
168.5316526315789,,,,,,242.38332183449657,8234.740229885057,786.1464710846186,7155.448228809451,7941.59469989407
153.48677272727272,,,,,,232.75262502572576,53505.61066048667,291.6878204802762,3123.375387114789,3415.0632075950653
93.07908474576271,,,,,,238.5056002415459,,211.4463161761023,5955.0311367848135,6166.477452960916
176.13561290322582,,,,,,266.9721240601505,,202.76818800874165,5662.572451144965,5865.340639153707
160.76488235294116,,,,,,266.75184,,168.25013346363002,2039.4916619162664,2207.7417953798963
92.24755882352942,,,,,,235.7004545,,183.9974198844812,4101.984929779811,4285.982349664292
166.0291386138614,,,,,,262.5704299327354,7811.984220907298,827.7755358391261,6883.874524693218,7711.650060532344
202.5313913043478,,,,,,249.50792252287312,57368.840476190475,292.72129992070586,3121.1249701073616,3413.8462700280675
108.32258571428574,,,,,,273.21483283759716,7368.611320754717,1061.4534338466383,5841.276318521223,6902.729752367862
150.8816583333334,,,,,,244.13954149999932,,197.55330139945525,5855.987602141448,6053.540903540904
150.66447058823528,,,,,,231.34747735748545,43942.7890070922,348.77889053939657,3435.6701327327614,3784.4490232721582
133.52494444444446,,,,,,234.304441,,176.0823163004973,4527.497902105779,4703.580218406276
127.05537288135596,,,,,,260.01083924999995,,187.8963167066595,4964.64512832678,5152.541445033439
179.5805833333333,,,,,,274.1921814914649,,197.65314087552943,2616.4983940522347,2814.1515349277643
161.76763999999997,,,,,,255.491045587757,,253.85487118280344,4838.553534184479,5092.408405367282
163.12137168141595,,,,,,274.59884012766514,15538.453738910011,1220.224847343491,7703.543913713405,8923.768761056897
47.63644444444444,255.32333333333335,,6465.0,20.7609493405,,189.4560174999998,,187.57732869852117,2575.1855888764508,2762.762917574972
136.06961000000004,199.97154545454543,,,25.04884141627273,,223.52868100056173,,1055.1776499345694,14148.243253253006,15203.420903187576
129.39951685393262,174.9328,,,27.4876750109,,300.9298028919329,110.44444444444444,1296.130770919201,10853.297319708314,12149.428090627514
150.4480909090909,213.27945454545457,,,24.97211700518182,,260.63892887323925,,387.42365952611783,5293.925490462458,5681.349149988576
84.30137234042554,220.78036363636363,,,25.067339984,,246.9296691176471,11260.666666666666,1558.0229138959724,9960.48634073134,11518.509254627314
111.55339361702129,172.84333333333336,,,23.055243926333333,,251.81857637527816,18512.37191650854,1592.3352973982203,12693.278533498218,14285.613830896438
130.23312,1291.2776666666666,,,18.350513336333336,,221.97304980340795,,386.1281055000824,5327.772457500473,5713.900563000555
150.54318749999996,211.81358333333333,,,23.026181911333335,,253.14045477612007,,1040.4172335600906,11098.932728647014,12139.349962207105
163.66087777777773,234.21918181818185,,,25.118266281454545,,251.92520697832023,10304.98106060606,1547.230029921117,11031.069604376342,12578.299634297458
107.25330434782607,234.76091666666665,,,22.9738945095,,216.60531186224483,,355.387003716018,5414.482691179347,5769.869694895365
114.68877011494251,213.63189999999992,,,20.4809938817,,237.0406024844719,,1136.22950572861,10267.648785775584,11403.878291504194
119.14770469798654,189.163,,,20.1427730661,,286.8234587282177,,1545.8409680283028,11540.26527194091,13086.106239969213
22.33825,293.913,,6419.0,6.418927011999999,,,,125.4151191498157,105.72144823484808,231.13656738466375
21.775625000000005,221.3655,,6628.0,6.6279547795,,,,152.28984126099044,131.3848540224612,283.6746952834516
128.7018720930232,188.4068181818182,,,19.239063853363636,,273.29321734693895,,1149.184113883315,11607.80676182183,12756.990875705143
21.178375,257.99,,5766.0,5.7656569835,,,,123.4967894075972,96.49642189940484,219.99321130700204
176.4026231884058,1185.3474375000003,,,25.280921010375,,268.34553770794804,,983.467031468486,9917.737766945318,10901.204798413804
136.35926804123707,1278.6953846153845,,,21.24532374123077,,242.31918581838545,53674.87587168759,1189.6051561532763,11383.816621554372,12573.421777707648
207.2451333333333,165.19554545454545,,,25.130370252454544,,232.16391223733015,,391.6494962646475,5652.719665271967,6044.369161536614
19.129833333333337,238.0995,,6647.0,19.43907489475,,,,743.5140662134527,9504.57082849721,10248.084894710662
168.00581999999997,1662.902214285714,,,19.59378776364286,,232.0680706084211,51097.1091954023,1907.2671988758193,11705.811094016886,13613.078292892706
18.042375000000003,257.9015,,6792.0,6.7918609665,,,,126.85062833291153,102.19678056485736,229.0474088977689
26.829846153846155,184.392,,6227.0,6.226884562,,,,136.76975248509325,118.7359625643046,255.50571504939785
71.94255172413791,207.364,,6376.0,24.68091661,,215.80035070671423,,1969.2443832653264,15539.550661226094,17508.79504449142
23.944333333333333,167.196,,5627.0,9.297652421,,,,536.4364526106827,5982.306911038271,6518.743363648954
179.68816842105264,199.5485,,,23.0000281325,,265.4742642987439,21079.51067193676,1367.0831485789604,14219.785826656867,15586.868975235828
177.69224999999997,191.46192307692303,,,26.089108854538463,,232.67895878700477,19705.7905623788,2691.606248217995,15297.610076982608,17989.216325200603
44.36752499999999,199.6214285714286,,6643.0,20.21939376528571,,199.04605080213895,,212.67860951162297,2620.174877372574,2832.853486884197
180.4072038834951,2615.109083333334,,,22.886732946,,238.006191406249,,689.0714463529997,12106.59574855644,12795.66719490944
125.95883146067412,189.2194,,,27.5446338857,,250.2634760158008,11647.64537444934,1608.9762286714306,12030.236741043216,13639.212969714648
40.53919047619048,258.9755,,,21.2490267978,,238.19475000000008,,211.49929838448531,2527.0967509804627,2738.596049364948
157.37427272727268,181.66776923076924,,,21.24751135792308,,231.45497079439275,,523.7482402556991,13977.704870488862,14501.45311074456
147.2644431818182,231.13036363636363,,,25.084860424,,248.27409726484387,54205.321956769054,2111.8612849318743,11463.400056110562,13575.261341042436
151.99072340425533,4651.3865,,,19.64519388907143,,275.74352139364265,,383.3599432322157,5550.048020162351,5933.407963394567
175.6288695652174,186.7925454545455,,,25.064815841181815,,261.8655857380687,,1026.830054036969,12274.196587586694,13301.026641623665
130.1403076923077,209.91933333333336,,,22.956554848083332,,220.64619825650493,56783.342281879195,2088.1937768475364,12605.364031298295,14693.557808145832
119.52239130434788,223.33216666666667,,,23.050760835166667,,245.64342497136255,,393.4758847695265,5849.799615563401,6243.275500332928
129.6708965517241,4196.07925,,,22.886574759,,245.92011292134904,,646.3144248709685,12093.756815042769,12740.071239913736
156.88817094017088,224.16885714285715,,,26.068713188357144,,271.74652639971555,,2668.010085668025,11899.84009303678,14567.850178704804
118.48806666666664,190.96225,,3130.5,54.89710151312501,,224.16144339622647,,528.280054912728,6704.7362227887825,7233.01627770151
118.38189215686276,209.06650000000005,,,22.902492121749997,,256.11019292364966,0.96875,977.8336491279211,10021.43759413108,10999.271243259
165.84770270270272,4160.955266666667,,,18.37030952866667,,239.6600046857772,106.03571428571428,1770.6225289821082,12555.439133003963,14326.061661986074
18.261875,263.32849999999996,,5914.0,5.9146238575000005,,,,121.69424239157318,104.32692612580618,226.02116851737935
22.627687499999997,194.1325,,6106.5,6.1065526265,,,,159.81687636362253,151.74968872281798,311.5665650864405
194.1445980392157,187.60683333333336,,,22.92649713175,,212.2314750889674,2529.6082474226805,2809.838258543111,15709.90514410799,18519.7434026511
